time, name, version, hash_source, binaries, binaries_size
20160921034243,activemq,5.6.0+dfsg1-4+deb8u2,d385e5a73741893c5c3c941c2fb7d523,"libactivemq-java libactivemq-java-doc activemq",7138808
20160921034243,apache2,2.4.10-10+deb8u5,e578a2c7dd59cafaec588e5211845cef,"apache2 apache2-data apache2-bin apache2-mpm-worker apache2-mpm-prefork apache2-mpm-event apache2-mpm-itk apache2.2-bin apache2.2-common libapache2-mod-proxy-html libapache2-mod-macro apache2-utils apache2-suexec apache2-suexec-pristine apache2-suexec-custom apache2-doc apache2-dev apache2-dbg",6703120
20160921034243,atheme-services,6.0.11-2+deb8u1,8ad3f96a2dd55247041082957dbc81da,"atheme-services",711874
20160921034243,bind9,1:9.9.5.dfsg-9+deb8u6,e3b03e1cd273d708cbfbd862297646ce,"bind9 bind9utils bind9-doc host bind9-host libbind-dev libbind9-90 libdns100 libisc95 liblwres90 libisccc90 libisccfg90 dnsutils lwresd libbind-export-dev libdns-export100 libdns-export100-udeb libisc-export95 libisc-export95-udeb libisccfg-export90 libisccfg-export90-udeb libirs-export91 libirs-export91-udeb",5031656
20160921034243,blueman,1.99~alpha1-1+deb8u1,0dec336452b4364089c4aab72e1e365d,"blueman",1699246
20160921034243,bogofilter,1.2.4+dfsg1-3+deb8u1,e9ef893a3eec573cda8e58fc4a3591b2,"bogofilter bogofilter-bdb bogofilter-sqlite bogofilter-tokyocabinet bogofilter-common",599372
20160921034243,botan1.10,1.10.8-2+deb8u1,445041fc8ce796f6107979aa2a124f92,"botan1.10-dbg libbotan-1.10-0 libbotan1.10-dev",2474346
20160921034243,bouncycastle,1.49+dfsg-3+deb8u1,4abb08e538807f8cf94b9d079e32c262,"libbcprov-java libbcprov-java-doc libbcmail-java libbcmail-java-doc libbcpkix-java libbcpkix-java-doc libbcpg-java libbcpg-java-doc",3419714
20160921034243,bsh,2.0b4-15+deb8u1,d8f4836a64d26ef3ddcfc6f51bcea57f,"bsh libbsh-java bsh-doc bsh-src",1454220
20160921034243,cacti,0.8.8b+dfsg-8+deb8u4,40bb8de26a93d2278f4829c22f51504e,"cacti",1894732
20160921034243,carrotsearch-hppc,0.6.1-1,fcf8420ddb955456a82512298b875a72,"libcarrotsearch-hppc-java",0
20160921034243,cdbs,0.4.130+deb8u1,51f1a7efc05f8ca93c76b03458a01fe6,"cdbs",77060
20160921034243,cgit,0.10.2.git2.0.1-3+deb8u1,fc01c33627fa1a83ede1634719f1665d,"cgit",442094
20160921034243,charybdis,3.4.2-5+deb8u2,f16074c8dc6e7814e34ab5f93cee39d9,"charybdis charybdis-dbg",2097580
20160921034243,chromium-browser,53.0.2785.113-1~deb8u1,784204e4c54a6f23cd48dad676d3406f,"chromium chromium-dbg chromium-l10n chromium-inspector chromedriver",57116690
20160921034243,cinder,2014.1.3-11+deb8u1,c5ee30d39dbf95b9b8501b9c68748832,"python-cinder cinder-common cinder-api cinder-volume cinder-scheduler cinder-backup",3683238
20160921034243,claws-mail,3.11.1-3+deb8u1,dce4682acba5b46560daa16baee62d29,"claws-mail claws-mail-dbg libclaws-mail-dev claws-mail-plugins claws-mail-spamassassin claws-mail-pgpmime claws-mail-pgpinline claws-mail-smime-plugin claws-mail-bogofilter claws-mail-i18n claws-mail-doc claws-mail-tools claws-mail-extra-plugins claws-mail-acpi-notifier claws-mail-address-keeper claws-mail-archiver-plugin claws-mail-attach-remover claws-mail-attach-warner claws-mail-bsfilter-plugin claws-mail-clamd-plugin claws-mail-fancy-plugin claws-mail-feeds-reader claws-mail-fetchinfo-plugin claws-mail-gdata-plugin claws-mail-libravatar claws-mail-newmail-plugin claws-mail-mailmbox-plugin claws-mail-multi-notifier claws-mail-tnef-parser claws-mail-perl-filter claws-mail-pdf-viewer claws-mail-python-plugin claws-mail-spam-report claws-mail-vcalendar-plugin",15277156
20160921034243,collectd,5.4.1-6+deb8u1,6514ab3f7fd2135d2713f1ab25068841,"collectd-core collectd collectd-utils collectd-dbg collectd-dev libcollectdclient-dev libcollectdclient1",2256982
20160921034243,compress-lzf,1.0.3-1,823a5cb4e5bc894477d75192d9bec39c,"libcompress-lzf-java",0
20160921034243,conntrack,1:1.4.2-2+deb8u1,0a957c60f810f4bb1d6888c185de5e19,"conntrack conntrackd nfct",142964
20160921034243,cpio,2.11+dfsg-4.1+deb8u1,26032ca0d2edaca959d0784ec18f8a79,"cpio cpio-win32",236496
20160921034243,ctdb,2.5.4+debian0-4+deb8u1,7822f27156dee183e38b0b08261cfc8e,"ctdb libctdb-dev ctdb-dbg ctdb-pcp-pmda",2779734
20160921034243,cups,1.7.5-11+deb8u1,3d56550e64632d561f03fd92a8c508b7,"libcups2 libcupsimage2 libcupscgi1 libcupsmime1 libcupsppdc1 cups cups-core-drivers cups-daemon cups-client libcups2-dev libcupsimage2-dev libcupscgi1-dev libcupsmime1-dev libcupsppdc1-dev cups-bsd cups-common cups-server-common cups-ppdc cups-dbg",5410718
20160921034243,cups-filters,1.0.61-5+deb8u3,0c50528e578ac96a0561625e81d041c1,"libcupsfilters1 libfontembed1 cups-filters cups-filters-core-drivers libcupsfilters-dev libfontembed-dev cups-browsed",1096894
20160921034243,curl,7.38.0-4+deb8u4,5754b2dce7b7a2a64f5819db79db5231,"curl libcurl3 libcurl3-gnutls libcurl3-nss libcurl4-openssl-dev libcurl4-gnutls-dev libcurl4-nss-dev libcurl3-dbg libcurl4-doc",6410016
20160921034243,cyrus-sasl2,2.1.26.dfsg1-13+deb8u1,1eb0997e4dcaa0c331e38d50f138defe,"sasl2-bin cyrus-sasl2-doc libsasl2-2 libsasl2-modules libsasl2-modules-db libsasl2-modules-ldap libsasl2-modules-otp libsasl2-modules-sql libsasl2-modules-gssapi-mit libsasl2-dev libsasl2-modules-gssapi-heimdal cyrus-sasl2-dbg cyrus-sasl2-mit-dbg cyrus-sasl2-heimdal-dbg",2171648
20160921034243,debhelper,9.20150101+deb8u2,315f1046d00dc3fe9c1acdc34d6d27d0,"debhelper",816942
20160921034243,devscripts,2.15.3+deb8u1,851b4c364cf47f2c1dfe3f69081d0846,"devscripts",900492
20160921034243,didiwiki,0.5-11+deb8u2,4d95ea44495002fa16703d7f50420cc1,"didiwiki",28086
20160921034243,django-markupfield,1.2.1-2+deb8u1,a51699a1757d477c23dad1934ee62c18,"python-django-markupfield python3-django-markupfield",29582
20160921034243,dnsmasq,2.72-3+deb8u1,c84e6544bb2e749e00a017c306722ff0,"dnsmasq dnsmasq-base dnsmasq-utils",437242
20160921034243,doxygen,1.8.8-5,2057394feeb0ddc0f873b874ad7adf39,"doxygen doxygen-latex doxygen-doc doxygen-gui doxygen-dbg",0
20160921034243,dpkg,1.17.26,07911f1c575f196f108a3c19c5bd517e,"libdpkg-dev dpkg dpkg-dev libdpkg-perl dselect",7621566
20160921034243,drupal7,7.32-1+deb8u7,7f108355684ab687083b2ddab56e90fc,"drupal7",2471960
20160921034243,ecryptfs-utils,103-5+deb8u1,1868335a2f0a79c10b97eb32666b32d8,"ecryptfs-utils ecryptfs-utils-dbg libecryptfs0 libecryptfs-dev python-ecryptfs",468186
20160921034243,elasticsearch,1.0.3+dfsg-5+deb8u1,e6e46d8e7b211079ab655570e577da7a,"elasticsearch",10495730
20160921034243,enigmail,2:1.8.2-4~deb8u1,b36c4990d620e2569a1f95adb870b348,"enigmail",854510
20160921034243,exim4,4.84.2-2+deb8u1,fb261c6a4d1bee31d0de5b29b8324ee8,"exim4-base exim4-config exim4-daemon-light exim4 exim4-daemon-heavy eximon4 exim4-dbg exim4-daemon-light-dbg exim4-daemon-heavy-dbg exim4-dev",5321150
20160921034243,expat,2.1.0-6+deb8u3,a9696967aa767128542c025f6630a968,"lib64expat1-dev lib64expat1 libexpat1-dev libexpat1 libexpat1-udeb expat",230542
20160921034243,firefox-esr,45.3.0esr-1~deb8u1,e428f1fdf14cff6dd96bb7ad8c178bc3,"firefox-esr iceweasel firefox-esr-dbg iceweasel-dbg firefox-esr-dev iceweasel-dev firefox-esr-l10n-all iceweasel-l10n-all firefox-esr-l10n-ach iceweasel-l10n-ach firefox-esr-l10n-af iceweasel-l10n-af firefox-esr-l10n-an iceweasel-l10n-an firefox-esr-l10n-ar iceweasel-l10n-ar firefox-esr-l10n-as iceweasel-l10n-as firefox-esr-l10n-ast iceweasel-l10n-ast firefox-esr-l10n-az iceweasel-l10n-az firefox-esr-l10n-be iceweasel-l10n-be firefox-esr-l10n-bg iceweasel-l10n-bg firefox-esr-l10n-bn-bd iceweasel-l10n-bn-bd firefox-esr-l10n-bn-in iceweasel-l10n-bn-in firefox-esr-l10n-br iceweasel-l10n-br firefox-esr-l10n-bs iceweasel-l10n-bs firefox-esr-l10n-ca iceweasel-l10n-ca firefox-esr-l10n-cs iceweasel-l10n-cs firefox-esr-l10n-cy iceweasel-l10n-cy firefox-esr-l10n-da iceweasel-l10n-da firefox-esr-l10n-de iceweasel-l10n-de firefox-esr-l10n-dsb iceweasel-l10n-dsb firefox-esr-l10n-el iceweasel-l10n-el firefox-esr-l10n-en-gb iceweasel-l10n-en-gb firefox-esr-l10n-en-za iceweasel-l10n-en-za firefox-esr-l10n-eo iceweasel-l10n-eo firefox-esr-l10n-es-ar iceweasel-l10n-es-ar firefox-esr-l10n-es-cl iceweasel-l10n-es-cl firefox-esr-l10n-es-es iceweasel-l10n-es-es firefox-esr-l10n-es-mx iceweasel-l10n-es-mx firefox-esr-l10n-et iceweasel-l10n-et firefox-esr-l10n-eu iceweasel-l10n-eu firefox-esr-l10n-fa iceweasel-l10n-fa firefox-esr-l10n-ff iceweasel-l10n-ff firefox-esr-l10n-fi iceweasel-l10n-fi firefox-esr-l10n-fr iceweasel-l10n-fr firefox-esr-l10n-fy-nl iceweasel-l10n-fy-nl firefox-esr-l10n-ga-ie iceweasel-l10n-ga-ie firefox-esr-l10n-gd iceweasel-l10n-gd firefox-esr-l10n-gl iceweasel-l10n-gl firefox-esr-l10n-gn iceweasel-l10n-gn firefox-esr-l10n-gu-in iceweasel-l10n-gu-in firefox-esr-l10n-he iceweasel-l10n-he firefox-esr-l10n-hi-in iceweasel-l10n-hi-in firefox-esr-l10n-hr iceweasel-l10n-hr firefox-esr-l10n-hsb iceweasel-l10n-hsb firefox-esr-l10n-hu iceweasel-l10n-hu firefox-esr-l10n-hy-am iceweasel-l10n-hy-am firefox-esr-l10n-id iceweasel-l10n-id firefox-esr-l10n-is iceweasel-l10n-is firefox-esr-l10n-it iceweasel-l10n-it firefox-esr-l10n-ja iceweasel-l10n-ja firefox-esr-l10n-kk iceweasel-l10n-kk firefox-esr-l10n-km iceweasel-l10n-km firefox-esr-l10n-kn iceweasel-l10n-kn firefox-esr-l10n-ko iceweasel-l10n-ko firefox-esr-l10n-lij iceweasel-l10n-lij firefox-esr-l10n-lt iceweasel-l10n-lt firefox-esr-l10n-lv iceweasel-l10n-lv firefox-esr-l10n-mai iceweasel-l10n-mai firefox-esr-l10n-mk iceweasel-l10n-mk firefox-esr-l10n-ml iceweasel-l10n-ml firefox-esr-l10n-mr iceweasel-l10n-mr firefox-esr-l10n-ms iceweasel-l10n-ms firefox-esr-l10n-nb-no iceweasel-l10n-nb-no firefox-esr-l10n-nl iceweasel-l10n-nl firefox-esr-l10n-nn-no iceweasel-l10n-nn-no firefox-esr-l10n-or iceweasel-l10n-or firefox-esr-l10n-pa-in iceweasel-l10n-pa-in firefox-esr-l10n-pl iceweasel-l10n-pl firefox-esr-l10n-pt-br iceweasel-l10n-pt-br firefox-esr-l10n-pt-pt iceweasel-l10n-pt-pt firefox-esr-l10n-rm iceweasel-l10n-rm firefox-esr-l10n-ro iceweasel-l10n-ro firefox-esr-l10n-ru iceweasel-l10n-ru firefox-esr-l10n-si iceweasel-l10n-si firefox-esr-l10n-sk iceweasel-l10n-sk firefox-esr-l10n-sl iceweasel-l10n-sl firefox-esr-l10n-son iceweasel-l10n-son firefox-esr-l10n-sq iceweasel-l10n-sq firefox-esr-l10n-sr iceweasel-l10n-sr firefox-esr-l10n-sv-se iceweasel-l10n-sv-se firefox-esr-l10n-ta iceweasel-l10n-ta firefox-esr-l10n-te iceweasel-l10n-te firefox-esr-l10n-th iceweasel-l10n-th firefox-esr-l10n-tr iceweasel-l10n-tr firefox-esr-l10n-uk iceweasel-l10n-uk firefox-esr-l10n-uz iceweasel-l10n-uz firefox-esr-l10n-vi iceweasel-l10n-vi firefox-esr-l10n-xh iceweasel-l10n-xh firefox-esr-l10n-zh-cn iceweasel-l10n-zh-cn firefox-esr-l10n-zh-tw iceweasel-l10n-zh-tw",284213742
20160921034243,flex,2.5.39-8+deb8u2,962e5a161df9195e2ac751218e9aa720,"flex flex-doc libfl-dev",1236876
20160921034243,fontconfig,2.11.0-6.3+deb8u1,09cc0e152a9d59570f93e0873bf04bbc,"fontconfig fontconfig-config fontconfig-udeb libfontconfig1-dev libfontconfig1 libfontconfig1-dbg",2413538
20160921034243,foomatic-filters,4.0.17-5+deb8u1,7025675b2e16a75f2d580f9b76917e8f,"foomatic-filters",158784
20160921034243,freeimage,3.15.4-4.2,a326c3ce39d51fd0b244188a7f038a02,"libfreeimage-dev libfreeimage3 libfreeimage3-dbg",2751194
20160921034243,freetype,2.5.2-3+deb8u1,cd5d3efcc73e221e68992b7b062d77ac,"libfreetype6 libfreetype6-dev freetype2-demos libfreetype6-udeb",1198118
20160921034243,freexl,1.0.0g-1+deb8u3,f2f3f79a0fba260aa44f9fa31b08dc0b,"libfreexl-dev libfreexl1 libfreexl1-dbg",112986
20160921034243,fuse,2.9.3-15+deb8u2,a8bdaf61521e09b622224a21e91d1d6a,"fuse fuse-dbg libfuse2 libfuse-dev fuse-udeb libfuse2-udeb",664294
20160921034243,fusionforge,5.3.2+20141104-3+deb8u1,9c61e1ab47de47addc2a8f1d9f2d423b,"fusionforge-standard fusionforge-minimal fusionforge-full gforge gforge-common gforge-web-apache2 gforge-web-apache2-vhosts gforge-db-postgresql gforge-db-remote gforge-mta-exim4 gforge-mta-postfix gforge-shell-postgresql gforge-ftp-proftpd gforge-dns-bind9 gforge-lists-mailman fusionforge-plugin-admssw fusionforge-plugin-authcas fusionforge-plugin-authhttpd fusionforge-plugin-authldap fusionforge-plugin-blocks fusionforge-plugin-compactpreview fusionforge-plugin-contribtracker fusionforge-plugin-doaprdf fusionforge-plugin-extsubproj fusionforge-plugin-foafprofiles fusionforge-plugin-globalsearch fusionforge-plugin-gravatar fusionforge-plugin-headermenu fusionforge-plugin-hudson fusionforge-plugin-mediawiki fusionforge-plugin-message fusionforge-plugin-moinmoin fusionforge-plugin-projectlabels fusionforge-plugin-scmarch fusionforge-plugin-scmbzr fusionforge-plugin-scmcvs fusionforge-plugin-scmdarcs fusionforge-plugin-scmgit fusionforge-plugin-scmhg fusionforge-plugin-scmhook fusionforge-plugin-scmsvn fusionforge-plugin-sysauthldap",5986886
20160921034243,gajim,0.16-1+deb8u1,560e4d77d2133cbafd141ffdbf0251a7,"gajim",3024896
20160921034243,ganeti,2.12.4-1+deb8u3,ae2faffa789c8551d832382c7a878c75,"ganeti2 ganeti ganeti-2.12 ganeti-haskell-2.12 ganeti-htools ganeti-htools-2.12 ganeti-doc python-ganeti-rapi",12932422
20160921034243,gcc-4.9,4.9.2-10,a6cb2e9cd59fda1d05ea1d07b29ba5d9,"gcc-4.9-base libgcc1 libgcc1-dbg libgcc2 libgcc2-dbg libgcc-4.9-dev libgcc4 libgcc4-dbg lib64gcc1 lib64gcc1-dbg lib64gcc-4.9-dev lib32gcc1 lib32gcc1-dbg lib32gcc-4.9-dev libn32gcc1 libn32gcc1-dbg libn32gcc-4.9-dev libx32gcc1 libx32gcc1-dbg libx32gcc-4.9-dev gcc-4.9 gcc-4.9-multilib gcc-4.9-plugin-dev gcc-4.9-hppa64 cpp-4.9 gcc-4.9-locales g++-4.9 g++-4.9-multilib libgomp1 libgomp1-dbg lib32gomp1 lib32gomp1-dbg lib64gomp1 lib64gomp1-dbg libn32gomp1 libn32gomp1-dbg libx32gomp1 libx32gomp1-dbg libitm1 libitm1-dbg lib32itm1 lib32itm1-dbg lib64itm1 lib64itm1-dbg libx32itm1 libx32itm1-dbg libatomic1 libatomic1-dbg lib32atomic1 lib32atomic1-dbg lib64atomic1 lib64atomic1-dbg libn32atomic1 libn32atomic1-dbg libx32atomic1 libx32atomic1-dbg libasan1 libasan1-dbg lib32asan1 lib32asan1-dbg lib64asan1 lib64asan1-dbg libx32asan1 libx32asan1-dbg liblsan0 liblsan0-dbg lib32lsan0 lib32lsan0-dbg libx32lsan0 libx32lsan0-dbg libtsan0 libtsan0-dbg libubsan0 libubsan0-dbg lib32ubsan0 lib32ubsan0-dbg lib64ubsan0 lib64ubsan0-dbg libx32ubsan0 libx32ubsan0-dbg libcilkrts5 libcilkrts5-dbg lib32cilkrts5 lib32cilkrts5-dbg lib64cilkrts5 lib64cilkrts5-dbg libx32cilkrts5 libx32cilkrts5-dbg libquadmath0 libquadmath0-dbg lib32quadmath0 lib32quadmath0-dbg lib64quadmath0 lib64quadmath0-dbg libx32quadmath0 libx32quadmath0-dbg gobjc++-4.9 gobjc++-4.9-multilib gobjc-4.9 gobjc-4.9-multilib libobjc-4.9-dev lib64objc-4.9-dev lib32objc-4.9-dev libn32objc-4.9-dev libx32objc-4.9-dev libobjc4 libobjc4-dbg lib64objc4 lib64objc4-dbg lib32objc4 lib32objc4-dbg libn32objc4 libn32objc4-dbg libx32objc4 libx32objc4-dbg gfortran-4.9 gfortran-4.9-multilib libgfortran-4.9-dev lib64gfortran-4.9-dev lib32gfortran-4.9-dev libn32gfortran-4.9-dev libx32gfortran-4.9-dev libgfortran3 libgfortran3-dbg lib64gfortran3 lib64gfortran3-dbg lib32gfortran3 lib32gfortran3-dbg libn32gfortran3 libn32gfortran3-dbg libx32gfortran3 libx32gfortran3-dbg gccgo-4.9 gccgo-4.9-multilib libgo5 libgo5-dbg lib64go5 lib64go5-dbg lib32go5 lib32go5-dbg libn32go5 libn32go5-dbg libx32go5 libx32go5-dbg gcj-4.9 gcj-4.9-jdk gcj-4.9-jre-headless gcj-4.9-jre libgcj15 gcj-4.9-jre-lib libgcj15-awt libgcj15-dev libgcj15-dbg gcj-4.9-source libgcj-doc libstdc++6 lib32stdc++6 lib64stdc++6 libn32stdc++6 libx32stdc++6 libstdc++-4.9-dev libstdc++-4.9-pic libstdc++6-4.9-dbg lib32stdc++-4.9-dev lib32stdc++6-4.9-dbg lib64stdc++-4.9-dev lib64stdc++6-4.9-dbg libn32stdc++-4.9-dev libn32stdc++6-4.9-dbg libx32stdc++-4.9-dev libx32stdc++6-4.9-dbg libstdc++-4.9-doc gdc-4.9 libphobos-4.9-dev fixincludes gcc-4.9-source",0
20160921034243,gdk-pixbuf,2.31.1-2+deb8u5,0b96a44bd52e8eed70fd01952e167f5c,"libgdk-pixbuf2.0-0 libgdk-pixbuf2.0-0-dbg libgdk-pixbuf2.0-common libgdk-pixbuf2.0-dev libgdk-pixbuf2.0-doc libgdk-pixbuf2.0-0-udeb gir1.2-gdkpixbuf-2.0",1139008
20160921034243,ghostscript,9.06~dfsg-2+deb8u1,1ceb17b0df71c0ee3d126c156065169f,"ghostscript ghostscript-x ghostscript-doc libgs9 libgs9-common libgs-dev ghostscript-dbg",16114810
20160921034243,gimp,2.8.14-1+deb8u1,de86a830f75709553302b757fc6b7645,"libgimp2.0 gimp gimp-data libgimp2.0-dev libgimp2.0-doc gimp-dbg",28696002
20160921034243,git,1:2.1.4-2.1+deb8u2,afc275e6db5636874f3da6e1ab1291a3,"git git-man git-core git-doc git-arch git-cvs git-svn git-mediawiki git-email git-daemon-run git-daemon-sysvinit git-gui gitk git-el gitweb git-all",13383268
20160921034243,glib2.0,2.42.1-1,91ae922238a26d76bb721e395700cc0d,"libglib2.0-0 libglib2.0-tests libglib2.0-udeb libglib2.0-bin libglib2.0-dev libglib2.0-0-dbg libglib2.0-data libglib2.0-doc libgio-fam libglib2.0-0-refdbg",0
20160921034243,glibc,2.19-18+deb8u4,b103b16ecf64b0634c7f0a0c34df9c9d,"libc-bin libc-dev-bin glibc-doc glibc-source locales locales-all nscd multiarch-support libc6 libc6-dev libc6-dbg libc6-pic libc6-udeb libc6.1 libc6.1-dev libc6.1-dbg libc6.1-pic libc6.1-udeb libc0.3 libc0.3-dev libc0.3-dbg libc0.3-pic libc0.3-udeb libc0.1 libc0.1-dev libc0.1-dbg libc0.1-pic libc0.1-udeb libc6-i386 libc6-dev-i386 libc6-sparc libc6-dev-sparc libc6-sparc64 libc6-dev-sparc64 libc6-s390 libc6-dev-s390 libc6-amd64 libc6-dev-amd64 libc6-powerpc libc6-dev-powerpc libc6-ppc64 libc6-dev-ppc64 libc6-mips32 libc6-dev-mips32 libc6-mipsn32 libc6-dev-mipsn32 libc6-mips64 libc6-dev-mips64 libc0.1-i386 libc0.1-dev-i386 libc6-x32 libc6-dev-x32 libc6-i686 libc6-xen libc0.1-i686 libc0.3-i686 libc0.3-xen libc6.1-alphaev67 libc6-loongson2f libnss-dns-udeb libnss-files-udeb",45071710
20160921034243,gnupg,1.4.18-7+deb8u2,6e7bdb323ed23f657898dc14e6cb2896,"gnupg gnupg-curl gpgv gnupg-udeb gpgv-udeb gpgv-win32",1974930
20160921034243,gnutls28,3.3.8-6+deb8u2,2b6f6606310614b19e16d5caecfd7236,"libgnutls28-dev libgnutls-deb0-28 libgnutls28-dbg gnutls-bin gnutls-doc guile-gnutls libgnutlsxx28 libgnutls-openssl27",7987632
20160921034243,graphite2,1.3.6-1~deb8u1,6002e5eca3848306c06b8a1ce4e1054f,"libgraphite2-3 libgraphite2-dev libgraphite2-3-dbg libgraphite2-doc",1279806
20160921034243,grub2,2.02~beta2-22+deb8u1,011e7ccc0d82f1a27dd93994735b7c35,"grub2 grub-linuxbios grub-efi grub-common grub2-common grub-emu grub-emu-dbg grub-pc-bin grub-pc-dbg grub-pc grub-rescue-pc grub-coreboot-bin grub-coreboot-dbg grub-coreboot grub-efi-ia32-bin grub-efi-ia32-dbg grub-efi-ia32 grub-efi-amd64-bin grub-efi-amd64-dbg grub-efi-amd64 grub-efi-ia64-bin grub-efi-ia64-dbg grub-efi-ia64 grub-efi-arm-bin grub-efi-arm-dbg grub-efi-arm grub-efi-arm64-bin grub-efi-arm64-dbg grub-efi-arm64 grub-ieee1275-bin grub-ieee1275-dbg grub-ieee1275 grub-firmware-qemu grub-uboot-bin grub-uboot-dbg grub-uboot grub-xen-bin grub-xen-dbg grub-xen grub-xen-host grub-yeeloong-bin grub-yeeloong-dbg grub-yeeloong grub-theme-starfield grub-mount-udeb",37826526
20160921034243,guava-libraries,17.0-1,48289bf93e900c0e7f10914f11039f17,"libguava-java libguava-java-doc",0
20160921034243,haproxy,1.5.8-3+deb8u1,cd938db8ed7681e6a22cfba31bb989dd,"haproxy haproxy-dbg haproxy-doc vim-haproxy",2681174
20160921034243,hello,2.9-2+deb8u1,9e1f7f7bf3ba90daf4e7dc6f179f66dc,"hello",50716
20160921034243,horizon,2014.1.3-7+deb8u2,32c4f3259ef6d1a0fed281ea25f7e7e5,"python-django-horizon openstack-dashboard openstack-dashboard-apache",2756594
20160921034243,htmldoc,1.8.27-8,1d02d953987fccc95d89f0913ca9809e,"htmldoc htmldoc-common",0
20160921034243,icecast2,2.4.0-1.1+deb8u1,726dc90c578d792542bb9423795a20ef,"icecast2",277478
20160921034243,icedove,1:45.2.0-1~deb8u1,15cd6f5e80e2373af90dd12f21da37e4,"icedove icedove-dev icedove-dbg iceowl-extension calendar-google-provider icedove-l10n-all icedove-l10n-ar icedove-l10n-ast icedove-l10n-be icedove-l10n-bg icedove-l10n-bn-bd icedove-l10n-br icedove-l10n-ca icedove-l10n-cs icedove-l10n-da icedove-l10n-de icedove-l10n-el icedove-l10n-en-gb icedove-l10n-es-ar icedove-l10n-es-es icedove-l10n-et icedove-l10n-eu icedove-l10n-fi icedove-l10n-fr icedove-l10n-fy-nl icedove-l10n-ga-ie icedove-l10n-gd icedove-l10n-gl icedove-l10n-he icedove-l10n-hr icedove-l10n-hu icedove-l10n-hy-am icedove-l10n-id icedove-l10n-is icedove-l10n-it icedove-l10n-ja icedove-l10n-ko icedove-l10n-lt icedove-l10n-nb-no icedove-l10n-nl icedove-l10n-nn-no icedove-l10n-pa-in icedove-l10n-pl icedove-l10n-pt-br icedove-l10n-pt-pt icedove-l10n-rm icedove-l10n-ro icedove-l10n-ru icedove-l10n-si icedove-l10n-sk icedove-l10n-sl icedove-l10n-sq icedove-l10n-sr icedove-l10n-sv-se icedove-l10n-ta-lk icedove-l10n-tr icedove-l10n-uk icedove-l10n-vi icedove-l10n-zh-cn icedove-l10n-zh-tw iceowl-l10n-ar iceowl-l10n-be iceowl-l10n-bg iceowl-l10n-bn-bd iceowl-l10n-br iceowl-l10n-ca iceowl-l10n-cs iceowl-l10n-cy iceowl-l10n-da iceowl-l10n-de iceowl-l10n-el iceowl-l10n-es-ar iceowl-l10n-es-es iceowl-l10n-et iceowl-l10n-en-gb iceowl-l10n-eu iceowl-l10n-fi iceowl-l10n-fr iceowl-l10n-fy-nl iceowl-l10n-ga-ie iceowl-l10n-gd iceowl-l10n-gl iceowl-l10n-he iceowl-l10n-hu iceowl-l10n-hr iceowl-l10n-hy-am iceowl-l10n-id iceowl-l10n-is iceowl-l10n-it iceowl-l10n-ko iceowl-l10n-ja iceowl-l10n-lt iceowl-l10n-nb-no iceowl-l10n-nl iceowl-l10n-nn-no iceowl-l10n-pa-in iceowl-l10n-pl iceowl-l10n-pt-br iceowl-l10n-pt-pt iceowl-l10n-rm iceowl-l10n-ro iceowl-l10n-ru iceowl-l10n-sk iceowl-l10n-si iceowl-l10n-sl iceowl-l10n-sr iceowl-l10n-sq iceowl-l10n-sv-se iceowl-l10n-ta-lk iceowl-l10n-tr iceowl-l10n-vi iceowl-l10n-uk iceowl-l10n-zh-cn iceowl-l10n-zh-tw",245180352
20160921034243,icedove-l10n,1:38.0.1-1~deb8u1,71a14380d473bed4a1bfd7f537397263,"icedove-l10n-all icedove-l10n-ar icedove-l10n-ast icedove-l10n-be icedove-l10n-bg icedove-l10n-bn-bd icedove-l10n-br icedove-l10n-ca icedove-l10n-cs icedove-l10n-da icedove-l10n-de icedove-l10n-el icedove-l10n-en-gb icedove-l10n-es-ar icedove-l10n-es-es icedove-l10n-et icedove-l10n-eu icedove-l10n-fi icedove-l10n-fr icedove-l10n-fy-nl icedove-l10n-ga-ie icedove-l10n-gd icedove-l10n-gl icedove-l10n-he icedove-l10n-hr icedove-l10n-hu icedove-l10n-hy-am icedove-l10n-id icedove-l10n-is icedove-l10n-it icedove-l10n-ja icedove-l10n-ko icedove-l10n-lt icedove-l10n-nb-no icedove-l10n-nl icedove-l10n-nn-no icedove-l10n-pa-in icedove-l10n-pl icedove-l10n-pt-br icedove-l10n-pt-pt icedove-l10n-rm icedove-l10n-ro icedove-l10n-ru icedove-l10n-si icedove-l10n-sk icedove-l10n-sl icedove-l10n-sq icedove-l10n-sr icedove-l10n-sv-se icedove-l10n-ta-lk icedove-l10n-tr icedove-l10n-uk icedove-l10n-vi icedove-l10n-zh-cn icedove-l10n-zh-tw",48351946
20160921034243,iceowl-l10n,4.0.0.1-1~deb8u1,b0867767e264876532b1545bf9b34d24,"iceowl-l10n-bg iceowl-l10n-ca iceowl-l10n-cs iceowl-l10n-da iceowl-l10n-de iceowl-l10n-es-ar iceowl-l10n-es-es iceowl-l10n-et iceowl-l10n-en-gb iceowl-l10n-eu iceowl-l10n-fr iceowl-l10n-fy-nl iceowl-l10n-ga-ie iceowl-l10n-hr iceowl-l10n-hu iceowl-l10n-is iceowl-l10n-it iceowl-l10n-ko iceowl-l10n-ja iceowl-l10n-nl iceowl-l10n-nn-no iceowl-l10n-pl iceowl-l10n-ru iceowl-l10n-sk iceowl-l10n-sv-se iceowl-l10n-zh-cn iceowl-l10n-zh-tw",4923048
20160921034243,iceweasel,38.8.0esr-1~deb8u1,2825f4ffe2df23bf2bf52c94ad3e931c,"iceweasel iceweasel-dbg iceweasel-dev iceweasel-l10n-all iceweasel-l10n-ach iceweasel-l10n-af iceweasel-l10n-an iceweasel-l10n-ar iceweasel-l10n-as iceweasel-l10n-ast iceweasel-l10n-az iceweasel-l10n-be iceweasel-l10n-bg iceweasel-l10n-bn-bd iceweasel-l10n-bn-in iceweasel-l10n-br iceweasel-l10n-bs iceweasel-l10n-ca iceweasel-l10n-cs iceweasel-l10n-cy iceweasel-l10n-da iceweasel-l10n-de iceweasel-l10n-dsb iceweasel-l10n-el iceweasel-l10n-en-gb iceweasel-l10n-en-za iceweasel-l10n-eo iceweasel-l10n-es-ar iceweasel-l10n-es-cl iceweasel-l10n-es-es iceweasel-l10n-es-mx iceweasel-l10n-et iceweasel-l10n-eu iceweasel-l10n-fa iceweasel-l10n-ff iceweasel-l10n-fi iceweasel-l10n-fr iceweasel-l10n-fy-nl iceweasel-l10n-ga-ie iceweasel-l10n-gd iceweasel-l10n-gl iceweasel-l10n-gu-in iceweasel-l10n-he iceweasel-l10n-hi-in iceweasel-l10n-hr iceweasel-l10n-hsb iceweasel-l10n-hu iceweasel-l10n-hy-am iceweasel-l10n-id iceweasel-l10n-is iceweasel-l10n-it iceweasel-l10n-ja iceweasel-l10n-kk iceweasel-l10n-km iceweasel-l10n-kn iceweasel-l10n-ko iceweasel-l10n-lij iceweasel-l10n-lt iceweasel-l10n-lv iceweasel-l10n-mai iceweasel-l10n-mk iceweasel-l10n-ml iceweasel-l10n-mr iceweasel-l10n-ms iceweasel-l10n-nb-no iceweasel-l10n-nl iceweasel-l10n-nn-no iceweasel-l10n-or iceweasel-l10n-pa-in iceweasel-l10n-pl iceweasel-l10n-pt-br iceweasel-l10n-pt-pt iceweasel-l10n-rm iceweasel-l10n-ro iceweasel-l10n-ru iceweasel-l10n-si iceweasel-l10n-sk iceweasel-l10n-sl iceweasel-l10n-son iceweasel-l10n-sq iceweasel-l10n-sr iceweasel-l10n-sv-se iceweasel-l10n-ta iceweasel-l10n-te iceweasel-l10n-th iceweasel-l10n-tr iceweasel-l10n-uk iceweasel-l10n-uz iceweasel-l10n-vi iceweasel-l10n-xh iceweasel-l10n-zh-cn iceweasel-l10n-zh-tw",255089094
20160921034243,icu,52.1-8+deb8u3,63ce326ec2513d01ce820bd5f52ddd9a,"libicu52 libicu52-dbg libicu-dev icu-devtools icu-doc",23156592
20160921034243,ikiwiki,3.20141016.3,352f16da52a29fdf749bd80bad7c913f,"ikiwiki",1428292
20160921034243,imagemagick,8:6.8.9.9-5+deb8u4,643660201b8adfb9bf1aa96ac2854fcc,"imagemagick-common imagemagick-doc libmagickcore-6-headers libmagickwand-6-headers libmagick++-6-headers imagemagick libimage-magick-perl libmagickcore-6-arch-config imagemagick-6.q16 libmagickcore-6.q16-2 libmagickcore-6.q16-2-extra libmagickcore-6.q16-dev libmagickwand-6.q16-2 libmagickwand-6.q16-dev libmagick++-6.q16-5 libmagick++-6.q16-dev imagemagick-dbg libimage-magick-q16-perl perlmagick libmagickcore-dev libmagickwand-dev libmagick++-dev",19187978
20160921034243,imlib2,1.4.6-2+deb8u2,82a1d5e1d4827ab64b15ad1b38f20aab,"libimlib2 libimlib2-dev",349114
20160921034243,inspircd,2.0.17-1+deb8u2,319b2068b7105c66665ad71ca39d509a,"inspircd inspircd-dbg",60257376
20160921034243,ipsec-tools,1:0.8.2+20140711-2+deb8u1,63a681a83ccd55f3d78470e98d91032a,"ipsec-tools racoon",461778
20160921034243,isc-dhcp,4.3.1-6+deb8u2,f52c529a23fe66bb4d68684d2d8d5629,"isc-dhcp-server isc-dhcp-server-dbg isc-dhcp-dbg isc-dhcp-server-ldap isc-dhcp-common isc-dhcp-dev isc-dhcp-client isc-dhcp-client-dbg isc-dhcp-client-udeb isc-dhcp-relay isc-dhcp-relay-dbg",5610996
20160921034243,jackrabbit,2.3.6-1+deb8u1,2f336de6954ec4a8f51eb74a47763a52,"libjackrabbit-java",274976
20160921034243,jackson-core,2.4.2-2,9110d818e3b49ddb6a1d05fdc192efe1,"libjackson2-core-java libjackson2-core-java-doc",0
20160921034243,jackson-dataformat-smile,2.4.2-1,b54f58b7f61c9e171335f9e056434ae1,"libjackson2-dataformat-smile libjackson2-dataformat-smile-doc",0
20160921034243,jackson-dataformat-yaml,2.4.3-2,13ff32c76e311dd91db298dff57992d2,"libjackson2-dataformat-yaml libjackson2-dataformat-yaml-doc",0
20160921034243,jansson,2.7-1+deb8u1,f2c4451452e60c9c21a61336798bc943,"libjansson4 libjansson-dev libjansson-doc libjansson-dbg",225220
20160921034243,jasper,1.900.1-debian1-2.4+deb8u1,ca96ce1cb3b096cbf4dd69c101127b21,"libjasper1 libjasper-dev libjasper-runtime",681898
20160921034243,kamailio,4.2.0-2+deb8u1,926651bfbf7ad0fcecb4a65bb0d2b355,"kamailio kamailio-dbg kamailio-geoip-modules kamailio-sqlite-modules kamailio-json-modules kamailio-memcached-modules kamailio-lua-modules kamailio-mono-modules kamailio-python-modules kamailio-redis-modules kamailio-mysql-modules kamailio-postgres-modules kamailio-cpl-modules kamailio-radius-modules kamailio-unixodbc-modules kamailio-presence-modules kamailio-perl-modules kamailio-snmpstats-modules kamailio-xmpp-modules kamailio-xml-modules kamailio-carrierroute-modules kamailio-berkeley-modules kamailio-berkeley-bin kamailio-ldap-modules kamailio-ims-modules kamailio-utils-modules kamailio-sctp-modules kamailio-java-modules kamailio-tls-modules kamailio-outbound-modules kamailio-websocket-modules kamailio-dnssec-modules kamailio-autheph-modules kamailio-extra-modules",30581482
20160921034243,kde4libs,4:4.14.2-5+deb8u1,bcd00194b0f40e00de25166bff61578c,"libkdecore5 libkdeui5 libkpty4 libkdesu5 libkjsapi4 libkjsembed4 libkio5 libkntlm4 libsolid4 libkde3support4 libkfile4 libknewstuff2-4 libknewstuff3-4 libkparts4 libkutils4 libthreadweaver4 libkhtml5 libkimproxy4 libkmediaplayer4 libktexteditor4 libknotifyconfig4 libkdnssd4 libkrosscore4 libkrossui4 libnepomuk4 libnepomukutils4 libnepomukquery4a libplasma3 libkunitconversion4 libkdewebkit5 libkcmutils4 libkemoticons4 libkidletime4 libkprintutils4 libkdeclarative5 kdelibs-bin kdelibs5-plugins kdelibs5-data kdoctools kdelibs5-dev kdelibs5-dbg",150185192
20160921034243,krb5,1.12.1+dfsg-19+deb8u2,26368c901365db516baca11046049d9e,"krb5-user krb5-kdc krb5-kdc-ldap krb5-admin-server krb5-multidev libkrb5-dev libkrb5-dbg krb5-pkinit krb5-otp krb5-doc libkrb5-3 libgssapi-krb5-2 libgssrpc4 libkadm5srv-mit9 libkadm5clnt-mit9 libk5crypto3 libkdb5-7 libkrb5support0 libkrad0 krb5-gss-samples krb5-locales libkrad-dev",10741376
20160921034243,lcdf-typetools,2.104~dfsg-1,2b886f99024fbdf9f7c8b8d2f9f75375,"lcdf-typetools",0
20160921034243,ldb,2:1.1.20-0+deb8u1,3fb4b63a02de361a521f69aa13dd57b3,"libldb1 libldb1-dbg ldb-tools libldb-dev python-ldb python-ldb-dev python-ldb-dbg",647372
20160921034243,lhasa,0.2.0+git3fe46-1+deb8u1,300e1c9900da2b2b3c6828321e9cfdf6,"lhasa liblhasa-dev liblhasa0",64666
20160921034243,libapache-mod-jk,1:1.2.37-4+deb8u1,d175d11f794de7b9f363c75ed077c943,"libapache2-mod-jk libapache-mod-jk-doc",321128
20160921034243,libarchive,3.1.2-11+deb8u2,66a050dfe1cbdbaac50f482b3c611a5d,"libarchive-dev libarchive13 bsdtar bsdcpio",796636
20160921034243,libav,6:11.7-1~deb8u1,dfeff85c1fba231d5073c197ba010e40,"libav-tools libav-dbg libav-doc libavutil54 libavcodec56 libavdevice55 libavformat56 libavfilter5 libswscale3 libavutil-dev libavcodec-dev libavdevice-dev libavformat-dev libavfilter-dev libswscale-dev libavresample-dev libavresample2 libavcodec-extra-56 libavcodec-extra",53019042
20160921034243,libcommons-collections3-java,3.2.1-7+deb8u1,1cb8c4fc8be768d2d9d9df30b98f38ea,"libcommons-collections3-java libcommons-collections3-java-doc",1069970
20160921034243,libcommons-fileupload-java,1.3.1-1+deb8u1,5ccc567e5680533794ceab483cdd8c87,"libcommons-fileupload-java libcommons-fileupload-java-doc",439282
20160921034243,libcrypto++,5.6.1-6+deb8u1,372b891f935821d5d2704a72ea39d62c,"libcrypto++9 libcrypto++9-dbg libcrypto++-dev libcrypto++-utils libcrypto++-doc",11309634
20160921034243,libdbd-mysql-perl,4.028-2+deb8u1,d5cb17abfe11b092156a1894f4968d66,"libdbd-mysql-perl",119290
20160921034243,libebml,1.3.0-2+deb8u1,bb05a0c42a71f51d6d660e9924d5d309,"libebml4 libebml-dev",136002
20160921034243,libgcrypt20,1.6.3-2+deb8u2,b7bf623709cb745821c07c7fa79e7143,"libgcrypt20-doc libgcrypt20-dev libgcrypt20-dbg libgcrypt20 libgcrypt20-udeb libgcrypt11-dev",2232122
20160921034243,libgd2,2.1.0-5+deb8u6,e9195cbbbb9edb086558ab5294772f76,"libgd-tools libgd-dev libgd3 libgd-dbg libgd2-xpm-dev libgd2-noxpm-dev",791194
20160921034243,libidn,1.29-1+deb8u2,6317e04faf70ee72cd5fc7702441539d,"idn libidn11-dev libidn11 libidn11-java",1030818
20160921034243,libintl-perl,1.23-1+deb8u1,e8f6dfd1db2dad92138b50dbfdeea1ab,"libintl-perl libintl-xs-perl",886480
20160921034243,libjoda-time-java,2.4-1,ce8d0191170991cba4bad90a0cf4689d,"libjoda-time-java libjoda-time-java-doc",0
20160921034243,libmatroska,1.4.1-2+deb8u1,a94f5101fc5917ab5067655b0704556c,"libmatroska6 libmatroska-dev",280488
20160921034243,libmime-charset-perl,1.011.1-1+deb8u2,d7b751d0594bbf2ad8e973bfab777b40,"libmime-charset-perl",33720
20160921034243,libmime-encwords-perl,1.014.3-1+deb8u1,d12c4de8181365304a7ac3b607624e02,"libmime-encwords-perl",43030
20160921034243,libmodule-build-perl,0.421000-2+deb8u1,47aa1fd9190053585e3a12cfd1e89002,"libmodule-build-perl",265238
20160921034243,libmodule-signature-perl,0.73-1+deb8u2,8e2dc00691c8746f0f747c91fabcf18a,"libmodule-signature-perl",30444
20160921034243,libndp,1.4-2+deb8u1,a14758297a853e2f507def8ade1de82e,"libndp-dbg libndp-dev libndp-tools libndp0",69084
20160921034243,libnet-dns-perl,0.81-2+deb8u1,4527cbcf44c4442c10af55fb4e82eb1e,"libnet-dns-perl",330858
20160921034243,libotr,4.1.0-2+deb8u1,e17fe2965c3e7dc7dc119e298672d7ce,"libotr5 libotr5-bin libotr5-dev",193288
20160921034243,libpam-sshauth,0.3.1-1+deb8u1,d30a74793a99f1077fce6863ff7366ad,"libpam-sshauth",18686
20160921034243,libpdfbox-java,1:1.8.7+dfsg-1+deb8u1,533b2166bcc4679abff694573c998cc7,"libpdfbox-java libpdfbox-java-doc libjempbox-java libjempbox-java-doc libfontbox-java libfontbox-java-doc",6482980
20160921034243,libphp-phpmailer,5.2.9+dfsg-2+deb8u1,0b2addbb8cc2204db882a3bd2d66a2fb,"libphp-phpmailer",129950
20160921034243,libpng,1.2.50-2+deb8u2,29f4114a09887deb5faf0c52d22fcf05,"libpng12-0 libpng12-dev libpng3 libpng12-0-udeb",421540
20160921034243,libreoffice,1:4.3.3-2+deb8u5,5bfce3674cdf3852f412628908ce7030,"libreoffice libreoffice-l10n-za libreoffice-l10n-in libreoffice-core libreoffice-common libreoffice-java-common libreoffice-writer libreoffice-calc libreoffice-impress libreoffice-draw libreoffice-math libreoffice-base-core libreoffice-base libreoffice-style-crystal libreoffice-style-oxygen libreoffice-style-tango libreoffice-style-hicontrast libreoffice-style-sifr libreoffice-style-galaxy libreoffice-gtk libreoffice-gtk3 libreoffice-gnome python-uno python3-uno libreoffice-officebean openoffice.org-dtd-officedocument1.0 libreoffice-script-provider-python libreoffice-script-provider-bsh libreoffice-script-provider-js libreoffice-pdfimport libreoffice-avmedia-backend-gstreamer libreoffice-avmedia-backend-vlc libreoffice-sdbc-firebird libreoffice-sdbc-hsqldb libreoffice-base-drivers libreoffice-l10n-af libreoffice-l10n-ar libreoffice-l10n-as libreoffice-l10n-ast libreoffice-l10n-be libreoffice-l10n-bg libreoffice-l10n-bn libreoffice-l10n-br libreoffice-l10n-bs libreoffice-l10n-ca libreoffice-l10n-cs libreoffice-l10n-cy libreoffice-l10n-da libreoffice-l10n-de libreoffice-l10n-dz libreoffice-l10n-el libreoffice-l10n-en-gb libreoffice-l10n-en-za libreoffice-l10n-eo libreoffice-l10n-es libreoffice-l10n-et libreoffice-l10n-eu libreoffice-l10n-fa libreoffice-l10n-fi libreoffice-l10n-fr libreoffice-l10n-ga libreoffice-l10n-gd libreoffice-l10n-gl libreoffice-l10n-gu libreoffice-l10n-he libreoffice-l10n-hi libreoffice-l10n-hr libreoffice-l10n-hu libreoffice-l10n-id libreoffice-l10n-is libreoffice-l10n-it libreoffice-l10n-ja libreoffice-l10n-ka libreoffice-l10n-kk libreoffice-l10n-km libreoffice-l10n-ko libreoffice-l10n-kmr libreoffice-l10n-lt libreoffice-l10n-lv libreoffice-l10n-mk libreoffice-l10n-mn libreoffice-l10n-ml libreoffice-l10n-mr libreoffice-l10n-nb libreoffice-l10n-ne libreoffice-l10n-nl libreoffice-l10n-nn libreoffice-l10n-nr libreoffice-l10n-nso libreoffice-l10n-oc libreoffice-l10n-om libreoffice-l10n-or libreoffice-l10n-pa-in libreoffice-l10n-pl libreoffice-l10n-pt libreoffice-l10n-pt-br libreoffice-l10n-ro libreoffice-l10n-ru libreoffice-l10n-rw libreoffice-l10n-si libreoffice-l10n-sk libreoffice-l10n-sl libreoffice-l10n-sr libreoffice-l10n-ss libreoffice-l10n-st libreoffice-l10n-sv libreoffice-l10n-ta libreoffice-l10n-te libreoffice-l10n-tg libreoffice-l10n-th libreoffice-l10n-tn libreoffice-l10n-tr libreoffice-l10n-ts libreoffice-l10n-ug libreoffice-l10n-uk libreoffice-l10n-uz libreoffice-l10n-ve libreoffice-l10n-vi libreoffice-l10n-xh libreoffice-l10n-zh-cn libreoffice-l10n-zh-tw libreoffice-l10n-zu libreoffice-presenter-console libreoffice-presentation-minimizer libreoffice-emailmerge libreoffice-l10n-ku libreoffice-help-en-us libreoffice-help-ca libreoffice-help-cs libreoffice-help-da libreoffice-help-de libreoffice-help-dz libreoffice-help-el libreoffice-help-en-gb libreoffice-help-es libreoffice-help-et libreoffice-help-eu libreoffice-help-fi libreoffice-help-fr libreoffice-help-gl libreoffice-help-hi libreoffice-help-hu libreoffice-help-it libreoffice-help-ja libreoffice-help-km libreoffice-help-ko libreoffice-help-nl libreoffice-help-om libreoffice-help-pl libreoffice-help-pt libreoffice-help-pt-br libreoffice-help-ru libreoffice-help-sk libreoffice-help-sl libreoffice-help-sv libreoffice-help-tr libreoffice-help-vi libreoffice-help-zh-cn libreoffice-help-zh-tw uno-libs3 ure browser-plugin-libreoffice libreoffice-ogltrans libreoffice-wiki-publisher libreoffice-report-builder libreoffice-report-builder-bin fonts-opensymbol libreoffice-dbg uno-libs3-dbg ure-dbg libreoffice-dev libreoffice-dev-doc libreoffice-kde libreoffice-sdbc-postgresql libreoffice-mysql-connector libreoffice-evolution libreoffice-subsequentcheckbase libreoffice-librelogo",1023320748
20160921034243,librsvg,2.40.5-1+deb8u2,f7e6222713fe7dcefa1fa63e4675ec47,"librsvg2-dev librsvg2-2 librsvg2-common librsvg2-doc librsvg2-dbg librsvg2-bin gir1.2-rsvg-2.0",1665842
20160921034243,libssh,0.6.3-4+deb8u2,4b441a2812976158e8ed609e0bb31686,"libssh-4 libssh-gcrypt-4 libssh-dev libssh-gcrypt-dev libssh-dbg libssh-doc",1548504
20160921034243,libssh2,1.4.3-4.1+deb8u1,7851292f3770ff4a9aa172a28f4a0cf1,"libssh2-1 libssh2-1-dev libssh2-1-dbg",645670
20160921034243,libsys-syslog-perl,0.33-1+deb8u1,2e7078ee80af24ab7864ec3b86ac0838,"libsys-syslog-perl",41288
20160921034243,libtasn1-6,4.2-3+deb8u2,6c2a0bd419d2d98c2a9afe0eb82fe506,"libtasn1-6-dev libtasn1-doc libtasn1-6-dbg libtasn1-6 libtasn1-bin libtasn1-3-bin",586638
20160921034243,libtest-signature-perl,1.10-1+deb8u1,0990c65388fb1d89d3459d406536de3c,"libtest-signature-perl",10940
20160921034243,libunicode-linebreak-perl,0.0.20140601-2+deb8u2,0fb95cd25280ef212e2fd637300b2213,"libunicode-linebreak-perl",98316
20160921034243,libvdpau,0.8-3+deb8u2,7cdd5d86c7692e7243e65b83a0c377c9,"libvdpau-dev libvdpau1 libvdpau-doc libvdpau1-dbg",516454
20160921034243,libvirt,1.2.9-9+deb8u3,3d85cbc2b119312566e07284c66c5da3,"libvirt-bin libvirt-clients libvirt-daemon libvirt-daemon-system libvirt0 libvirt0-dbg libvirt-doc libvirt-dev libvirt-sanlock",12161964
20160921034243,libwmf,0.2.8.4-10.3+deb8u1,4b7484631a68df964b348f6a16731425,"libwmf0.2-7 libwmf-bin libwmf-dev libwmf-doc",614204
20160921034243,libxml-libxml-perl,2.0116+dfsg-1+deb8u1,f430d2ad3e3e8f86390beb578619716c,"libxml-libxml-perl",365310
20160921034243,libxml2,2.9.1+dfsg1-5+deb8u2,3d72631c0f0fdae4b49764d8ad8e958d,"libxml2 libxml2-utils libxml2-utils-dbg libxml2-dev libxml2-dbg libxml2-doc python-libxml2 python-libxml2-dbg",4272352
20160921034243,libxslt,1.1.28-2+deb8u1,88f9b562443b447fa3f386f5348917fc,"libxslt1.1 libxslt1-dev libxslt1-dbg xsltproc python-libxslt1 python-libxslt1-dbg",1701478
20160921034243,libxstream-java,1.4.7-2+deb8u1,534c37232051a0be1f9f3125e71b710f,"libxstream-java",585112
20160921034243,lighttpd,1.4.35-4+deb8u1,d3e2a03dd80db575902ee96722b11598,"lighttpd lighttpd-doc lighttpd-mod-mysql-vhost lighttpd-mod-trigger-b4-dl lighttpd-mod-cml lighttpd-mod-magnet lighttpd-mod-webdav",425018
20160921034243,linux,3.16.36-1+deb8u1,d80864e70000eb9256febc8ae7f030b2,"linux-source-3.16 linux-doc-3.16 linux-manual-3.16 linux-support-3.16.0-4 linux-libc-dev linux-headers-3.16.0-4-all linux-headers-3.16.0-4-all-alpha kernel-image-3.16.0-4-alpha-generic-di nic-modules-3.16.0-4-alpha-generic-di nic-wireless-modules-3.16.0-4-alpha-generic-di nic-shared-modules-3.16.0-4-alpha-generic-di serial-modules-3.16.0-4-alpha-generic-di usb-serial-modules-3.16.0-4-alpha-generic-di ppp-modules-3.16.0-4-alpha-generic-di pata-modules-3.16.0-4-alpha-generic-di cdrom-core-modules-3.16.0-4-alpha-generic-di scsi-core-modules-3.16.0-4-alpha-generic-di scsi-modules-3.16.0-4-alpha-generic-di scsi-common-modules-3.16.0-4-alpha-generic-di scsi-extra-modules-3.16.0-4-alpha-generic-di loop-modules-3.16.0-4-alpha-generic-di btrfs-modules-3.16.0-4-alpha-generic-di ext4-modules-3.16.0-4-alpha-generic-di isofs-modules-3.16.0-4-alpha-generic-di jfs-modules-3.16.0-4-alpha-generic-di xfs-modules-3.16.0-4-alpha-generic-di fat-modules-3.16.0-4-alpha-generic-di md-modules-3.16.0-4-alpha-generic-di multipath-modules-3.16.0-4-alpha-generic-di usb-modules-3.16.0-4-alpha-generic-di usb-storage-modules-3.16.0-4-alpha-generic-di fb-modules-3.16.0-4-alpha-generic-di input-modules-3.16.0-4-alpha-generic-di event-modules-3.16.0-4-alpha-generic-di mouse-modules-3.16.0-4-alpha-generic-di nic-pcmcia-modules-3.16.0-4-alpha-generic-di pcmcia-modules-3.16.0-4-alpha-generic-di nic-usb-modules-3.16.0-4-alpha-generic-di sata-modules-3.16.0-4-alpha-generic-di core-modules-3.16.0-4-alpha-generic-di crc-modules-3.16.0-4-alpha-generic-di crypto-modules-3.16.0-4-alpha-generic-di crypto-dm-modules-3.16.0-4-alpha-generic-di ata-modules-3.16.0-4-alpha-generic-di nbd-modules-3.16.0-4-alpha-generic-di squashfs-modules-3.16.0-4-alpha-generic-di virtio-modules-3.16.0-4-alpha-generic-di zlib-modules-3.16.0-4-alpha-generic-di fuse-modules-3.16.0-4-alpha-generic-di srm-modules-3.16.0-4-alpha-generic-di linux-headers-3.16.0-4-common linux-image-3.16.0-4-alpha-generic linux-headers-3.16.0-4-alpha-generic linux-image-3.16.0-4-alpha-smp linux-headers-3.16.0-4-alpha-smp linux-headers-3.16.0-4-all-amd64 kernel-image-3.16.0-4-amd64-di nic-modules-3.16.0-4-amd64-di nic-wireless-modules-3.16.0-4-amd64-di nic-shared-modules-3.16.0-4-amd64-di serial-modules-3.16.0-4-amd64-di usb-serial-modules-3.16.0-4-amd64-di ppp-modules-3.16.0-4-amd64-di pata-modules-3.16.0-4-amd64-di cdrom-core-modules-3.16.0-4-amd64-di firewire-core-modules-3.16.0-4-amd64-di scsi-core-modules-3.16.0-4-amd64-di scsi-modules-3.16.0-4-amd64-di scsi-common-modules-3.16.0-4-amd64-di scsi-extra-modules-3.16.0-4-amd64-di loop-modules-3.16.0-4-amd64-di btrfs-modules-3.16.0-4-amd64-di ext4-modules-3.16.0-4-amd64-di isofs-modules-3.16.0-4-amd64-di jfs-modules-3.16.0-4-amd64-di ntfs-modules-3.16.0-4-amd64-di xfs-modules-3.16.0-4-amd64-di fat-modules-3.16.0-4-amd64-di md-modules-3.16.0-4-amd64-di multipath-modules-3.16.0-4-amd64-di usb-modules-3.16.0-4-amd64-di usb-storage-modules-3.16.0-4-amd64-di pcmcia-storage-modules-3.16.0-4-amd64-di fb-modules-3.16.0-4-amd64-di input-modules-3.16.0-4-amd64-di event-modules-3.16.0-4-amd64-di mouse-modules-3.16.0-4-amd64-di nic-pcmcia-modules-3.16.0-4-amd64-di pcmcia-modules-3.16.0-4-amd64-di nic-usb-modules-3.16.0-4-amd64-di sata-modules-3.16.0-4-amd64-di core-modules-3.16.0-4-amd64-di acpi-modules-3.16.0-4-amd64-di i2c-modules-3.16.0-4-amd64-di crc-modules-3.16.0-4-amd64-di crypto-modules-3.16.0-4-amd64-di crypto-dm-modules-3.16.0-4-amd64-di efi-modules-3.16.0-4-amd64-di ata-modules-3.16.0-4-amd64-di mmc-core-modules-3.16.0-4-amd64-di mmc-modules-3.16.0-4-amd64-di nbd-modules-3.16.0-4-amd64-di squashfs-modules-3.16.0-4-amd64-di speakup-modules-3.16.0-4-amd64-di virtio-modules-3.16.0-4-amd64-di uinput-modules-3.16.0-4-amd64-di sound-modules-3.16.0-4-amd64-di hyperv-modules-3.16.0-4-amd64-di udf-modules-3.16.0-4-amd64-di fuse-modules-3.16.0-4-amd64-di linux-image-3.16.0-4-amd64 linux-headers-3.16.0-4-amd64 linux-image-3.16.0-4-amd64-dbg xen-linux-system-3.16.0-4-amd64 linux-headers-3.16.0-4-all-arm64 kernel-image-3.16.0-4-arm64-di nic-modules-3.16.0-4-arm64-di nic-wireless-modules-3.16.0-4-arm64-di nic-shared-modules-3.16.0-4-arm64-di ppp-modules-3.16.0-4-arm64-di cdrom-core-modules-3.16.0-4-arm64-di scsi-core-modules-3.16.0-4-arm64-di scsi-modules-3.16.0-4-arm64-di loop-modules-3.16.0-4-arm64-di btrfs-modules-3.16.0-4-arm64-di ext4-modules-3.16.0-4-arm64-di isofs-modules-3.16.0-4-arm64-di jfs-modules-3.16.0-4-arm64-di xfs-modules-3.16.0-4-arm64-di fat-modules-3.16.0-4-arm64-di md-modules-3.16.0-4-arm64-di multipath-modules-3.16.0-4-arm64-di usb-modules-3.16.0-4-arm64-di usb-storage-modules-3.16.0-4-arm64-di input-modules-3.16.0-4-arm64-di event-modules-3.16.0-4-arm64-di nic-usb-modules-3.16.0-4-arm64-di sata-modules-3.16.0-4-arm64-di core-modules-3.16.0-4-arm64-di crc-modules-3.16.0-4-arm64-di crypto-modules-3.16.0-4-arm64-di crypto-dm-modules-3.16.0-4-arm64-di efi-modules-3.16.0-4-arm64-di ata-modules-3.16.0-4-arm64-di mmc-modules-3.16.0-4-arm64-di nbd-modules-3.16.0-4-arm64-di squashfs-modules-3.16.0-4-arm64-di virtio-modules-3.16.0-4-arm64-di uinput-modules-3.16.0-4-arm64-di udf-modules-3.16.0-4-arm64-di fuse-modules-3.16.0-4-arm64-di linux-image-3.16.0-4-arm64 linux-headers-3.16.0-4-arm64 linux-image-3.16.0-4-arm64-dbg linux-headers-3.16.0-4-all-armel kernel-image-3.16.0-4-kirkwood-di nic-modules-3.16.0-4-kirkwood-di nic-shared-modules-3.16.0-4-kirkwood-di usb-serial-modules-3.16.0-4-kirkwood-di ppp-modules-3.16.0-4-kirkwood-di cdrom-core-modules-3.16.0-4-kirkwood-di scsi-core-modules-3.16.0-4-kirkwood-di loop-modules-3.16.0-4-kirkwood-di btrfs-modules-3.16.0-4-kirkwood-di ext4-modules-3.16.0-4-kirkwood-di isofs-modules-3.16.0-4-kirkwood-di jfs-modules-3.16.0-4-kirkwood-di fat-modules-3.16.0-4-kirkwood-di minix-modules-3.16.0-4-kirkwood-di md-modules-3.16.0-4-kirkwood-di multipath-modules-3.16.0-4-kirkwood-di usb-modules-3.16.0-4-kirkwood-di usb-storage-modules-3.16.0-4-kirkwood-di fb-modules-3.16.0-4-kirkwood-di input-modules-3.16.0-4-kirkwood-di event-modules-3.16.0-4-kirkwood-di mouse-modules-3.16.0-4-kirkwood-di nic-usb-modules-3.16.0-4-kirkwood-di sata-modules-3.16.0-4-kirkwood-di core-modules-3.16.0-4-kirkwood-di crc-modules-3.16.0-4-kirkwood-di crypto-modules-3.16.0-4-kirkwood-di crypto-dm-modules-3.16.0-4-kirkwood-di mmc-modules-3.16.0-4-kirkwood-di nbd-modules-3.16.0-4-kirkwood-di squashfs-modules-3.16.0-4-kirkwood-di uinput-modules-3.16.0-4-kirkwood-di leds-modules-3.16.0-4-kirkwood-di udf-modules-3.16.0-4-kirkwood-di fuse-modules-3.16.0-4-kirkwood-di kernel-image-3.16.0-4-orion5x-di nic-modules-3.16.0-4-orion5x-di nic-shared-modules-3.16.0-4-orion5x-di usb-serial-modules-3.16.0-4-orion5x-di ppp-modules-3.16.0-4-orion5x-di cdrom-core-modules-3.16.0-4-orion5x-di scsi-core-modules-3.16.0-4-orion5x-di loop-modules-3.16.0-4-orion5x-di ipv6-modules-3.16.0-4-orion5x-di btrfs-modules-3.16.0-4-orion5x-di ext4-modules-3.16.0-4-orion5x-di isofs-modules-3.16.0-4-orion5x-di jffs2-modules-3.16.0-4-orion5x-di jfs-modules-3.16.0-4-orion5x-di fat-modules-3.16.0-4-orion5x-di minix-modules-3.16.0-4-orion5x-di md-modules-3.16.0-4-orion5x-di multipath-modules-3.16.0-4-orion5x-di usb-modules-3.16.0-4-orion5x-di usb-storage-modules-3.16.0-4-orion5x-di event-modules-3.16.0-4-orion5x-di nic-usb-modules-3.16.0-4-orion5x-di sata-modules-3.16.0-4-orion5x-di core-modules-3.16.0-4-orion5x-di crc-modules-3.16.0-4-orion5x-di crypto-modules-3.16.0-4-orion5x-di crypto-dm-modules-3.16.0-4-orion5x-di nbd-modules-3.16.0-4-orion5x-di squashfs-modules-3.16.0-4-orion5x-di zlib-modules-3.16.0-4-orion5x-di udf-modules-3.16.0-4-orion5x-di fuse-modules-3.16.0-4-orion5x-di kernel-image-3.16.0-4-versatile-di nic-modules-3.16.0-4-versatile-di nic-shared-modules-3.16.0-4-versatile-di usb-serial-modules-3.16.0-4-versatile-di ppp-modules-3.16.0-4-versatile-di cdrom-core-modules-3.16.0-4-versatile-di scsi-core-modules-3.16.0-4-versatile-di scsi-common-modules-3.16.0-4-versatile-di loop-modules-3.16.0-4-versatile-di btrfs-modules-3.16.0-4-versatile-di ext4-modules-3.16.0-4-versatile-di isofs-modules-3.16.0-4-versatile-di fat-modules-3.16.0-4-versatile-di md-modules-3.16.0-4-versatile-di multipath-modules-3.16.0-4-versatile-di usb-modules-3.16.0-4-versatile-di usb-storage-modules-3.16.0-4-versatile-di nic-usb-modules-3.16.0-4-versatile-di sata-modules-3.16.0-4-versatile-di core-modules-3.16.0-4-versatile-di crc-modules-3.16.0-4-versatile-di crypto-modules-3.16.0-4-versatile-di crypto-dm-modules-3.16.0-4-versatile-di nbd-modules-3.16.0-4-versatile-di squashfs-modules-3.16.0-4-versatile-di virtio-modules-3.16.0-4-versatile-di zlib-modules-3.16.0-4-versatile-di udf-modules-3.16.0-4-versatile-di fuse-modules-3.16.0-4-versatile-di linux-image-3.16.0-4-ixp4xx linux-headers-3.16.0-4-ixp4xx linux-image-3.16.0-4-kirkwood linux-headers-3.16.0-4-kirkwood linux-image-3.16.0-4-orion5x linux-headers-3.16.0-4-orion5x linux-image-3.16.0-4-versatile linux-headers-3.16.0-4-versatile linux-headers-3.16.0-4-all-armhf kernel-image-3.16.0-4-armmp-di nic-modules-3.16.0-4-armmp-di nic-wireless-modules-3.16.0-4-armmp-di nic-shared-modules-3.16.0-4-armmp-di ppp-modules-3.16.0-4-armmp-di pata-modules-3.16.0-4-armmp-di scsi-core-modules-3.16.0-4-armmp-di scsi-modules-3.16.0-4-armmp-di loop-modules-3.16.0-4-armmp-di btrfs-modules-3.16.0-4-armmp-di ext4-modules-3.16.0-4-armmp-di isofs-modules-3.16.0-4-armmp-di jfs-modules-3.16.0-4-armmp-di fat-modules-3.16.0-4-armmp-di md-modules-3.16.0-4-armmp-di multipath-modules-3.16.0-4-armmp-di usb-modules-3.16.0-4-armmp-di usb-storage-modules-3.16.0-4-armmp-di fb-modules-3.16.0-4-armmp-di input-modules-3.16.0-4-armmp-di event-modules-3.16.0-4-armmp-di nic-usb-modules-3.16.0-4-armmp-di sata-modules-3.16.0-4-armmp-di core-modules-3.16.0-4-armmp-di crc-modules-3.16.0-4-armmp-di crypto-modules-3.16.0-4-armmp-di crypto-dm-modules-3.16.0-4-armmp-di ata-modules-3.16.0-4-armmp-di mmc-modules-3.16.0-4-armmp-di nbd-modules-3.16.0-4-armmp-di squashfs-modules-3.16.0-4-armmp-di virtio-modules-3.16.0-4-armmp-di uinput-modules-3.16.0-4-armmp-di zlib-modules-3.16.0-4-armmp-di udf-modules-3.16.0-4-armmp-di fuse-modules-3.16.0-4-armmp-di mtd-modules-3.16.0-4-armmp-di linux-image-3.16.0-4-armmp linux-headers-3.16.0-4-armmp linux-image-3.16.0-4-armmp-lpae linux-headers-3.16.0-4-armmp-lpae linux-headers-3.16.0-4-all-hppa kernel-image-3.16.0-4-parisc-di nic-modules-3.16.0-4-parisc-di nic-shared-modules-3.16.0-4-parisc-di serial-modules-3.16.0-4-parisc-di usb-serial-modules-3.16.0-4-parisc-di ppp-modules-3.16.0-4-parisc-di pata-modules-3.16.0-4-parisc-di cdrom-core-modules-3.16.0-4-parisc-di scsi-core-modules-3.16.0-4-parisc-di scsi-modules-3.16.0-4-parisc-di scsi-common-modules-3.16.0-4-parisc-di loop-modules-3.16.0-4-parisc-di btrfs-modules-3.16.0-4-parisc-di ext4-modules-3.16.0-4-parisc-di isofs-modules-3.16.0-4-parisc-di jfs-modules-3.16.0-4-parisc-di xfs-modules-3.16.0-4-parisc-di fat-modules-3.16.0-4-parisc-di md-modules-3.16.0-4-parisc-di multipath-modules-3.16.0-4-parisc-di usb-modules-3.16.0-4-parisc-di usb-storage-modules-3.16.0-4-parisc-di input-modules-3.16.0-4-parisc-di event-modules-3.16.0-4-parisc-di mouse-modules-3.16.0-4-parisc-di nic-usb-modules-3.16.0-4-parisc-di sata-modules-3.16.0-4-parisc-di core-modules-3.16.0-4-parisc-di crc-modules-3.16.0-4-parisc-di crypto-modules-3.16.0-4-parisc-di crypto-dm-modules-3.16.0-4-parisc-di ata-modules-3.16.0-4-parisc-di nbd-modules-3.16.0-4-parisc-di squashfs-modules-3.16.0-4-parisc-di virtio-modules-3.16.0-4-parisc-di zlib-modules-3.16.0-4-parisc-di fuse-modules-3.16.0-4-parisc-di kernel-image-3.16.0-4-parisc64-smp-di nic-modules-3.16.0-4-parisc64-smp-di nic-shared-modules-3.16.0-4-parisc64-smp-di serial-modules-3.16.0-4-parisc64-smp-di usb-serial-modules-3.16.0-4-parisc64-smp-di ppp-modules-3.16.0-4-parisc64-smp-di pata-modules-3.16.0-4-parisc64-smp-di cdrom-core-modules-3.16.0-4-parisc64-smp-di scsi-core-modules-3.16.0-4-parisc64-smp-di scsi-modules-3.16.0-4-parisc64-smp-di scsi-common-modules-3.16.0-4-parisc64-smp-di loop-modules-3.16.0-4-parisc64-smp-di btrfs-modules-3.16.0-4-parisc64-smp-di ext4-modules-3.16.0-4-parisc64-smp-di isofs-modules-3.16.0-4-parisc64-smp-di jfs-modules-3.16.0-4-parisc64-smp-di xfs-modules-3.16.0-4-parisc64-smp-di fat-modules-3.16.0-4-parisc64-smp-di md-modules-3.16.0-4-parisc64-smp-di multipath-modules-3.16.0-4-parisc64-smp-di usb-modules-3.16.0-4-parisc64-smp-di usb-storage-modules-3.16.0-4-parisc64-smp-di fb-modules-3.16.0-4-parisc64-smp-di input-modules-3.16.0-4-parisc64-smp-di event-modules-3.16.0-4-parisc64-smp-di mouse-modules-3.16.0-4-parisc64-smp-di nic-usb-modules-3.16.0-4-parisc64-smp-di sata-modules-3.16.0-4-parisc64-smp-di core-modules-3.16.0-4-parisc64-smp-di crc-modules-3.16.0-4-parisc64-smp-di crypto-modules-3.16.0-4-parisc64-smp-di crypto-dm-modules-3.16.0-4-parisc64-smp-di ata-modules-3.16.0-4-parisc64-smp-di nbd-modules-3.16.0-4-parisc64-smp-di squashfs-modules-3.16.0-4-parisc64-smp-di virtio-modules-3.16.0-4-parisc64-smp-di zlib-modules-3.16.0-4-parisc64-smp-di fuse-modules-3.16.0-4-parisc64-smp-di linux-image-3.16.0-4-parisc linux-headers-3.16.0-4-parisc linux-image-3.16.0-4-parisc64-smp linux-headers-3.16.0-4-parisc64-smp linux-headers-3.16.0-4-all-i386 kernel-image-3.16.0-4-586-di nic-modules-3.16.0-4-586-di nic-wireless-modules-3.16.0-4-586-di nic-shared-modules-3.16.0-4-586-di serial-modules-3.16.0-4-586-di usb-serial-modules-3.16.0-4-586-di ppp-modules-3.16.0-4-586-di pata-modules-3.16.0-4-586-di cdrom-core-modules-3.16.0-4-586-di firewire-core-modules-3.16.0-4-586-di scsi-core-modules-3.16.0-4-586-di scsi-modules-3.16.0-4-586-di scsi-common-modules-3.16.0-4-586-di scsi-extra-modules-3.16.0-4-586-di loop-modules-3.16.0-4-586-di btrfs-modules-3.16.0-4-586-di ext4-modules-3.16.0-4-586-di isofs-modules-3.16.0-4-586-di jfs-modules-3.16.0-4-586-di ntfs-modules-3.16.0-4-586-di xfs-modules-3.16.0-4-586-di fat-modules-3.16.0-4-586-di md-modules-3.16.0-4-586-di multipath-modules-3.16.0-4-586-di usb-modules-3.16.0-4-586-di usb-storage-modules-3.16.0-4-586-di pcmcia-storage-modules-3.16.0-4-586-di fb-modules-3.16.0-4-586-di input-modules-3.16.0-4-586-di event-modules-3.16.0-4-586-di mouse-modules-3.16.0-4-586-di nic-pcmcia-modules-3.16.0-4-586-di pcmcia-modules-3.16.0-4-586-di nic-usb-modules-3.16.0-4-586-di sata-modules-3.16.0-4-586-di core-modules-3.16.0-4-586-di acpi-modules-3.16.0-4-586-di i2c-modules-3.16.0-4-586-di crc-modules-3.16.0-4-586-di crypto-modules-3.16.0-4-586-di crypto-dm-modules-3.16.0-4-586-di efi-modules-3.16.0-4-586-di ata-modules-3.16.0-4-586-di mmc-core-modules-3.16.0-4-586-di mmc-modules-3.16.0-4-586-di nbd-modules-3.16.0-4-586-di squashfs-modules-3.16.0-4-586-di speakup-modules-3.16.0-4-586-di virtio-modules-3.16.0-4-586-di uinput-modules-3.16.0-4-586-di sound-modules-3.16.0-4-586-di hyperv-modules-3.16.0-4-586-di udf-modules-3.16.0-4-586-di fuse-modules-3.16.0-4-586-di kernel-image-3.16.0-4-686-pae-di nic-modules-3.16.0-4-686-pae-di nic-wireless-modules-3.16.0-4-686-pae-di nic-shared-modules-3.16.0-4-686-pae-di serial-modules-3.16.0-4-686-pae-di usb-serial-modules-3.16.0-4-686-pae-di ppp-modules-3.16.0-4-686-pae-di pata-modules-3.16.0-4-686-pae-di cdrom-core-modules-3.16.0-4-686-pae-di firewire-core-modules-3.16.0-4-686-pae-di scsi-core-modules-3.16.0-4-686-pae-di scsi-modules-3.16.0-4-686-pae-di scsi-common-modules-3.16.0-4-686-pae-di scsi-extra-modules-3.16.0-4-686-pae-di loop-modules-3.16.0-4-686-pae-di btrfs-modules-3.16.0-4-686-pae-di ext4-modules-3.16.0-4-686-pae-di isofs-modules-3.16.0-4-686-pae-di jfs-modules-3.16.0-4-686-pae-di ntfs-modules-3.16.0-4-686-pae-di xfs-modules-3.16.0-4-686-pae-di fat-modules-3.16.0-4-686-pae-di md-modules-3.16.0-4-686-pae-di multipath-modules-3.16.0-4-686-pae-di usb-modules-3.16.0-4-686-pae-di usb-storage-modules-3.16.0-4-686-pae-di pcmcia-storage-modules-3.16.0-4-686-pae-di fb-modules-3.16.0-4-686-pae-di input-modules-3.16.0-4-686-pae-di event-modules-3.16.0-4-686-pae-di mouse-modules-3.16.0-4-686-pae-di nic-pcmcia-modules-3.16.0-4-686-pae-di pcmcia-modules-3.16.0-4-686-pae-di nic-usb-modules-3.16.0-4-686-pae-di sata-modules-3.16.0-4-686-pae-di core-modules-3.16.0-4-686-pae-di acpi-modules-3.16.0-4-686-pae-di i2c-modules-3.16.0-4-686-pae-di crc-modules-3.16.0-4-686-pae-di crypto-modules-3.16.0-4-686-pae-di crypto-dm-modules-3.16.0-4-686-pae-di efi-modules-3.16.0-4-686-pae-di ata-modules-3.16.0-4-686-pae-di mmc-core-modules-3.16.0-4-686-pae-di mmc-modules-3.16.0-4-686-pae-di nbd-modules-3.16.0-4-686-pae-di squashfs-modules-3.16.0-4-686-pae-di speakup-modules-3.16.0-4-686-pae-di virtio-modules-3.16.0-4-686-pae-di uinput-modules-3.16.0-4-686-pae-di sound-modules-3.16.0-4-686-pae-di hyperv-modules-3.16.0-4-686-pae-di udf-modules-3.16.0-4-686-pae-di fuse-modules-3.16.0-4-686-pae-di linux-image-3.16.0-4-586 linux-headers-3.16.0-4-586 linux-image-3.16.0-4-686-pae linux-headers-3.16.0-4-686-pae linux-image-3.16.0-4-686-pae-dbg linux-headers-3.16.0-4-all-ia64 kernel-image-3.16.0-4-itanium-di nic-modules-3.16.0-4-itanium-di nic-shared-modules-3.16.0-4-itanium-di serial-modules-3.16.0-4-itanium-di ppp-modules-3.16.0-4-itanium-di pata-modules-3.16.0-4-itanium-di cdrom-core-modules-3.16.0-4-itanium-di firewire-core-modules-3.16.0-4-itanium-di scsi-core-modules-3.16.0-4-itanium-di scsi-modules-3.16.0-4-itanium-di loop-modules-3.16.0-4-itanium-di btrfs-modules-3.16.0-4-itanium-di ext4-modules-3.16.0-4-itanium-di isofs-modules-3.16.0-4-itanium-di jfs-modules-3.16.0-4-itanium-di ntfs-modules-3.16.0-4-itanium-di xfs-modules-3.16.0-4-itanium-di fat-modules-3.16.0-4-itanium-di md-modules-3.16.0-4-itanium-di multipath-modules-3.16.0-4-itanium-di usb-modules-3.16.0-4-itanium-di usb-storage-modules-3.16.0-4-itanium-di fb-modules-3.16.0-4-itanium-di input-modules-3.16.0-4-itanium-di event-modules-3.16.0-4-itanium-di mouse-modules-3.16.0-4-itanium-di pcmcia-modules-3.16.0-4-itanium-di nic-usb-modules-3.16.0-4-itanium-di sata-modules-3.16.0-4-itanium-di core-modules-3.16.0-4-itanium-di crc-modules-3.16.0-4-itanium-di crypto-modules-3.16.0-4-itanium-di crypto-dm-modules-3.16.0-4-itanium-di ata-modules-3.16.0-4-itanium-di nbd-modules-3.16.0-4-itanium-di squashfs-modules-3.16.0-4-itanium-di uinput-modules-3.16.0-4-itanium-di udf-modules-3.16.0-4-itanium-di fuse-modules-3.16.0-4-itanium-di ide-core-modules-3.16.0-4-itanium-di ide-modules-3.16.0-4-itanium-di sn-modules-3.16.0-4-itanium-di linux-image-3.16.0-4-itanium linux-headers-3.16.0-4-itanium linux-image-3.16.0-4-mckinley linux-headers-3.16.0-4-mckinley linux-headers-3.16.0-4-all-m68k kernel-image-3.16.0-4-m68k-di nic-shared-modules-3.16.0-4-m68k-di ppp-modules-3.16.0-4-m68k-di cdrom-core-modules-3.16.0-4-m68k-di scsi-modules-3.16.0-4-m68k-di btrfs-modules-3.16.0-4-m68k-di ext4-modules-3.16.0-4-m68k-di isofs-modules-3.16.0-4-m68k-di fat-modules-3.16.0-4-m68k-di md-modules-3.16.0-4-m68k-di core-modules-3.16.0-4-m68k-di crc-modules-3.16.0-4-m68k-di crypto-modules-3.16.0-4-m68k-di nbd-modules-3.16.0-4-m68k-di squashfs-modules-3.16.0-4-m68k-di zlib-modules-3.16.0-4-m68k-di udf-modules-3.16.0-4-m68k-di fuse-modules-3.16.0-4-m68k-di linux-image-3.16.0-4-m68k linux-headers-3.16.0-4-m68k linux-headers-3.16.0-4-all-mips kernel-image-3.16.0-4-sb1-bcm91250a-di nic-modules-3.16.0-4-sb1-bcm91250a-di nic-wireless-modules-3.16.0-4-sb1-bcm91250a-di nic-shared-modules-3.16.0-4-sb1-bcm91250a-di usb-serial-modules-3.16.0-4-sb1-bcm91250a-di ppp-modules-3.16.0-4-sb1-bcm91250a-di pata-modules-3.16.0-4-sb1-bcm91250a-di cdrom-core-modules-3.16.0-4-sb1-bcm91250a-di scsi-core-modules-3.16.0-4-sb1-bcm91250a-di scsi-modules-3.16.0-4-sb1-bcm91250a-di scsi-common-modules-3.16.0-4-sb1-bcm91250a-di scsi-extra-modules-3.16.0-4-sb1-bcm91250a-di loop-modules-3.16.0-4-sb1-bcm91250a-di btrfs-modules-3.16.0-4-sb1-bcm91250a-di isofs-modules-3.16.0-4-sb1-bcm91250a-di jfs-modules-3.16.0-4-sb1-bcm91250a-di ntfs-modules-3.16.0-4-sb1-bcm91250a-di xfs-modules-3.16.0-4-sb1-bcm91250a-di fat-modules-3.16.0-4-sb1-bcm91250a-di hfs-modules-3.16.0-4-sb1-bcm91250a-di affs-modules-3.16.0-4-sb1-bcm91250a-di minix-modules-3.16.0-4-sb1-bcm91250a-di md-modules-3.16.0-4-sb1-bcm91250a-di multipath-modules-3.16.0-4-sb1-bcm91250a-di usb-modules-3.16.0-4-sb1-bcm91250a-di usb-storage-modules-3.16.0-4-sb1-bcm91250a-di input-modules-3.16.0-4-sb1-bcm91250a-di event-modules-3.16.0-4-sb1-bcm91250a-di nic-usb-modules-3.16.0-4-sb1-bcm91250a-di sata-modules-3.16.0-4-sb1-bcm91250a-di i2c-modules-3.16.0-4-sb1-bcm91250a-di crc-modules-3.16.0-4-sb1-bcm91250a-di crypto-modules-3.16.0-4-sb1-bcm91250a-di crypto-dm-modules-3.16.0-4-sb1-bcm91250a-di ata-modules-3.16.0-4-sb1-bcm91250a-di nbd-modules-3.16.0-4-sb1-bcm91250a-di squashfs-modules-3.16.0-4-sb1-bcm91250a-di rtc-modules-3.16.0-4-sb1-bcm91250a-di virtio-modules-3.16.0-4-sb1-bcm91250a-di sound-modules-3.16.0-4-sb1-bcm91250a-di zlib-modules-3.16.0-4-sb1-bcm91250a-di udf-modules-3.16.0-4-sb1-bcm91250a-di fuse-modules-3.16.0-4-sb1-bcm91250a-di kernel-image-3.16.0-4-r4k-ip22-di nic-shared-modules-3.16.0-4-r4k-ip22-di loop-modules-3.16.0-4-r4k-ip22-di btrfs-modules-3.16.0-4-r4k-ip22-di isofs-modules-3.16.0-4-r4k-ip22-di jfs-modules-3.16.0-4-r4k-ip22-di xfs-modules-3.16.0-4-r4k-ip22-di md-modules-3.16.0-4-r4k-ip22-di multipath-modules-3.16.0-4-r4k-ip22-di crc-modules-3.16.0-4-r4k-ip22-di crypto-modules-3.16.0-4-r4k-ip22-di crypto-dm-modules-3.16.0-4-r4k-ip22-di nbd-modules-3.16.0-4-r4k-ip22-di squashfs-modules-3.16.0-4-r4k-ip22-di zlib-modules-3.16.0-4-r4k-ip22-di udf-modules-3.16.0-4-r4k-ip22-di fuse-modules-3.16.0-4-r4k-ip22-di kernel-image-3.16.0-4-r5k-ip32-di nic-shared-modules-3.16.0-4-r5k-ip32-di loop-modules-3.16.0-4-r5k-ip32-di btrfs-modules-3.16.0-4-r5k-ip32-di isofs-modules-3.16.0-4-r5k-ip32-di jfs-modules-3.16.0-4-r5k-ip32-di xfs-modules-3.16.0-4-r5k-ip32-di md-modules-3.16.0-4-r5k-ip32-di multipath-modules-3.16.0-4-r5k-ip32-di crc-modules-3.16.0-4-r5k-ip32-di crypto-modules-3.16.0-4-r5k-ip32-di crypto-dm-modules-3.16.0-4-r5k-ip32-di nbd-modules-3.16.0-4-r5k-ip32-di squashfs-modules-3.16.0-4-r5k-ip32-di zlib-modules-3.16.0-4-r5k-ip32-di udf-modules-3.16.0-4-r5k-ip32-di fuse-modules-3.16.0-4-r5k-ip32-di kernel-image-3.16.0-4-4kc-malta-di nic-modules-3.16.0-4-4kc-malta-di nic-wireless-modules-3.16.0-4-4kc-malta-di nic-shared-modules-3.16.0-4-4kc-malta-di usb-serial-modules-3.16.0-4-4kc-malta-di ppp-modules-3.16.0-4-4kc-malta-di pata-modules-3.16.0-4-4kc-malta-di cdrom-core-modules-3.16.0-4-4kc-malta-di scsi-core-modules-3.16.0-4-4kc-malta-di scsi-modules-3.16.0-4-4kc-malta-di scsi-common-modules-3.16.0-4-4kc-malta-di scsi-extra-modules-3.16.0-4-4kc-malta-di loop-modules-3.16.0-4-4kc-malta-di btrfs-modules-3.16.0-4-4kc-malta-di isofs-modules-3.16.0-4-4kc-malta-di jfs-modules-3.16.0-4-4kc-malta-di ntfs-modules-3.16.0-4-4kc-malta-di xfs-modules-3.16.0-4-4kc-malta-di fat-modules-3.16.0-4-4kc-malta-di hfs-modules-3.16.0-4-4kc-malta-di affs-modules-3.16.0-4-4kc-malta-di minix-modules-3.16.0-4-4kc-malta-di md-modules-3.16.0-4-4kc-malta-di multipath-modules-3.16.0-4-4kc-malta-di usb-modules-3.16.0-4-4kc-malta-di usb-storage-modules-3.16.0-4-4kc-malta-di input-modules-3.16.0-4-4kc-malta-di event-modules-3.16.0-4-4kc-malta-di mouse-modules-3.16.0-4-4kc-malta-di nic-usb-modules-3.16.0-4-4kc-malta-di sata-modules-3.16.0-4-4kc-malta-di i2c-modules-3.16.0-4-4kc-malta-di crc-modules-3.16.0-4-4kc-malta-di crypto-modules-3.16.0-4-4kc-malta-di crypto-dm-modules-3.16.0-4-4kc-malta-di mmc-core-modules-3.16.0-4-4kc-malta-di mmc-modules-3.16.0-4-4kc-malta-di nbd-modules-3.16.0-4-4kc-malta-di squashfs-modules-3.16.0-4-4kc-malta-di virtio-modules-3.16.0-4-4kc-malta-di sound-modules-3.16.0-4-4kc-malta-di zlib-modules-3.16.0-4-4kc-malta-di udf-modules-3.16.0-4-4kc-malta-di fuse-modules-3.16.0-4-4kc-malta-di kernel-image-3.16.0-4-octeon-di nic-modules-3.16.0-4-octeon-di nic-wireless-modules-3.16.0-4-octeon-di nic-shared-modules-3.16.0-4-octeon-di usb-serial-modules-3.16.0-4-octeon-di ppp-modules-3.16.0-4-octeon-di pata-modules-3.16.0-4-octeon-di cdrom-core-modules-3.16.0-4-octeon-di scsi-core-modules-3.16.0-4-octeon-di scsi-modules-3.16.0-4-octeon-di scsi-common-modules-3.16.0-4-octeon-di scsi-extra-modules-3.16.0-4-octeon-di loop-modules-3.16.0-4-octeon-di btrfs-modules-3.16.0-4-octeon-di isofs-modules-3.16.0-4-octeon-di jfs-modules-3.16.0-4-octeon-di ntfs-modules-3.16.0-4-octeon-di xfs-modules-3.16.0-4-octeon-di fat-modules-3.16.0-4-octeon-di hfs-modules-3.16.0-4-octeon-di affs-modules-3.16.0-4-octeon-di minix-modules-3.16.0-4-octeon-di md-modules-3.16.0-4-octeon-di multipath-modules-3.16.0-4-octeon-di usb-modules-3.16.0-4-octeon-di usb-storage-modules-3.16.0-4-octeon-di input-modules-3.16.0-4-octeon-di event-modules-3.16.0-4-octeon-di nic-usb-modules-3.16.0-4-octeon-di sata-modules-3.16.0-4-octeon-di crc-modules-3.16.0-4-octeon-di crypto-modules-3.16.0-4-octeon-di crypto-dm-modules-3.16.0-4-octeon-di nbd-modules-3.16.0-4-octeon-di squashfs-modules-3.16.0-4-octeon-di rtc-modules-3.16.0-4-octeon-di virtio-modules-3.16.0-4-octeon-di sound-modules-3.16.0-4-octeon-di zlib-modules-3.16.0-4-octeon-di udf-modules-3.16.0-4-octeon-di fuse-modules-3.16.0-4-octeon-di linux-image-3.16.0-4-r4k-ip22 linux-headers-3.16.0-4-r4k-ip22 linux-image-3.16.0-4-r5k-ip32 linux-headers-3.16.0-4-r5k-ip32 linux-image-3.16.0-4-sb1-bcm91250a linux-headers-3.16.0-4-sb1-bcm91250a linux-image-3.16.0-4-4kc-malta linux-headers-3.16.0-4-4kc-malta linux-image-3.16.0-4-5kc-malta linux-headers-3.16.0-4-5kc-malta linux-image-3.16.0-4-octeon linux-headers-3.16.0-4-octeon linux-headers-3.16.0-4-all-mipsel kernel-image-3.16.0-4-loongson-2e-di nic-modules-3.16.0-4-loongson-2e-di nic-wireless-modules-3.16.0-4-loongson-2e-di nic-shared-modules-3.16.0-4-loongson-2e-di usb-serial-modules-3.16.0-4-loongson-2e-di ppp-modules-3.16.0-4-loongson-2e-di pata-modules-3.16.0-4-loongson-2e-di cdrom-core-modules-3.16.0-4-loongson-2e-di firewire-core-modules-3.16.0-4-loongson-2e-di scsi-core-modules-3.16.0-4-loongson-2e-di scsi-modules-3.16.0-4-loongson-2e-di scsi-common-modules-3.16.0-4-loongson-2e-di scsi-extra-modules-3.16.0-4-loongson-2e-di loop-modules-3.16.0-4-loongson-2e-di btrfs-modules-3.16.0-4-loongson-2e-di isofs-modules-3.16.0-4-loongson-2e-di jfs-modules-3.16.0-4-loongson-2e-di ntfs-modules-3.16.0-4-loongson-2e-di xfs-modules-3.16.0-4-loongson-2e-di fat-modules-3.16.0-4-loongson-2e-di hfs-modules-3.16.0-4-loongson-2e-di affs-modules-3.16.0-4-loongson-2e-di minix-modules-3.16.0-4-loongson-2e-di nfs-modules-3.16.0-4-loongson-2e-di md-modules-3.16.0-4-loongson-2e-di multipath-modules-3.16.0-4-loongson-2e-di usb-modules-3.16.0-4-loongson-2e-di usb-storage-modules-3.16.0-4-loongson-2e-di input-modules-3.16.0-4-loongson-2e-di event-modules-3.16.0-4-loongson-2e-di nic-usb-modules-3.16.0-4-loongson-2e-di sata-modules-3.16.0-4-loongson-2e-di crc-modules-3.16.0-4-loongson-2e-di crypto-modules-3.16.0-4-loongson-2e-di crypto-dm-modules-3.16.0-4-loongson-2e-di ata-modules-3.16.0-4-loongson-2e-di nbd-modules-3.16.0-4-loongson-2e-di squashfs-modules-3.16.0-4-loongson-2e-di speakup-modules-3.16.0-4-loongson-2e-di virtio-modules-3.16.0-4-loongson-2e-di sound-modules-3.16.0-4-loongson-2e-di zlib-modules-3.16.0-4-loongson-2e-di udf-modules-3.16.0-4-loongson-2e-di fuse-modules-3.16.0-4-loongson-2e-di kernel-image-3.16.0-4-loongson-2f-di nic-modules-3.16.0-4-loongson-2f-di nic-wireless-modules-3.16.0-4-loongson-2f-di nic-shared-modules-3.16.0-4-loongson-2f-di usb-serial-modules-3.16.0-4-loongson-2f-di ppp-modules-3.16.0-4-loongson-2f-di pata-modules-3.16.0-4-loongson-2f-di cdrom-core-modules-3.16.0-4-loongson-2f-di firewire-core-modules-3.16.0-4-loongson-2f-di scsi-core-modules-3.16.0-4-loongson-2f-di scsi-modules-3.16.0-4-loongson-2f-di scsi-common-modules-3.16.0-4-loongson-2f-di scsi-extra-modules-3.16.0-4-loongson-2f-di loop-modules-3.16.0-4-loongson-2f-di btrfs-modules-3.16.0-4-loongson-2f-di isofs-modules-3.16.0-4-loongson-2f-di jfs-modules-3.16.0-4-loongson-2f-di ntfs-modules-3.16.0-4-loongson-2f-di xfs-modules-3.16.0-4-loongson-2f-di fat-modules-3.16.0-4-loongson-2f-di hfs-modules-3.16.0-4-loongson-2f-di affs-modules-3.16.0-4-loongson-2f-di minix-modules-3.16.0-4-loongson-2f-di nfs-modules-3.16.0-4-loongson-2f-di md-modules-3.16.0-4-loongson-2f-di multipath-modules-3.16.0-4-loongson-2f-di usb-modules-3.16.0-4-loongson-2f-di usb-storage-modules-3.16.0-4-loongson-2f-di input-modules-3.16.0-4-loongson-2f-di event-modules-3.16.0-4-loongson-2f-di nic-usb-modules-3.16.0-4-loongson-2f-di sata-modules-3.16.0-4-loongson-2f-di crc-modules-3.16.0-4-loongson-2f-di crypto-modules-3.16.0-4-loongson-2f-di crypto-dm-modules-3.16.0-4-loongson-2f-di ata-modules-3.16.0-4-loongson-2f-di nbd-modules-3.16.0-4-loongson-2f-di squashfs-modules-3.16.0-4-loongson-2f-di speakup-modules-3.16.0-4-loongson-2f-di virtio-modules-3.16.0-4-loongson-2f-di sound-modules-3.16.0-4-loongson-2f-di zlib-modules-3.16.0-4-loongson-2f-di udf-modules-3.16.0-4-loongson-2f-di fuse-modules-3.16.0-4-loongson-2f-di kernel-image-3.16.0-4-loongson-3-di nic-modules-3.16.0-4-loongson-3-di nic-wireless-modules-3.16.0-4-loongson-3-di nic-shared-modules-3.16.0-4-loongson-3-di usb-serial-modules-3.16.0-4-loongson-3-di ppp-modules-3.16.0-4-loongson-3-di pata-modules-3.16.0-4-loongson-3-di cdrom-core-modules-3.16.0-4-loongson-3-di firewire-core-modules-3.16.0-4-loongson-3-di scsi-core-modules-3.16.0-4-loongson-3-di scsi-modules-3.16.0-4-loongson-3-di scsi-common-modules-3.16.0-4-loongson-3-di scsi-extra-modules-3.16.0-4-loongson-3-di loop-modules-3.16.0-4-loongson-3-di btrfs-modules-3.16.0-4-loongson-3-di isofs-modules-3.16.0-4-loongson-3-di jfs-modules-3.16.0-4-loongson-3-di ntfs-modules-3.16.0-4-loongson-3-di xfs-modules-3.16.0-4-loongson-3-di fat-modules-3.16.0-4-loongson-3-di hfs-modules-3.16.0-4-loongson-3-di affs-modules-3.16.0-4-loongson-3-di minix-modules-3.16.0-4-loongson-3-di nfs-modules-3.16.0-4-loongson-3-di md-modules-3.16.0-4-loongson-3-di multipath-modules-3.16.0-4-loongson-3-di usb-modules-3.16.0-4-loongson-3-di usb-storage-modules-3.16.0-4-loongson-3-di input-modules-3.16.0-4-loongson-3-di event-modules-3.16.0-4-loongson-3-di nic-usb-modules-3.16.0-4-loongson-3-di sata-modules-3.16.0-4-loongson-3-di crc-modules-3.16.0-4-loongson-3-di crypto-modules-3.16.0-4-loongson-3-di crypto-dm-modules-3.16.0-4-loongson-3-di ata-modules-3.16.0-4-loongson-3-di nbd-modules-3.16.0-4-loongson-3-di squashfs-modules-3.16.0-4-loongson-3-di speakup-modules-3.16.0-4-loongson-3-di virtio-modules-3.16.0-4-loongson-3-di sound-modules-3.16.0-4-loongson-3-di zlib-modules-3.16.0-4-loongson-3-di udf-modules-3.16.0-4-loongson-3-di fuse-modules-3.16.0-4-loongson-3-di linux-image-3.16.0-4-loongson-2e linux-headers-3.16.0-4-loongson-2e linux-image-3.16.0-4-loongson-2f linux-headers-3.16.0-4-loongson-2f linux-image-3.16.0-4-loongson-3 linux-headers-3.16.0-4-loongson-3 linux-headers-3.16.0-4-all-mips64 kernel-image-3.16.0-4-5kc-malta-di nic-modules-3.16.0-4-5kc-malta-di nic-wireless-modules-3.16.0-4-5kc-malta-di nic-shared-modules-3.16.0-4-5kc-malta-di usb-serial-modules-3.16.0-4-5kc-malta-di ppp-modules-3.16.0-4-5kc-malta-di pata-modules-3.16.0-4-5kc-malta-di cdrom-core-modules-3.16.0-4-5kc-malta-di scsi-core-modules-3.16.0-4-5kc-malta-di scsi-modules-3.16.0-4-5kc-malta-di scsi-common-modules-3.16.0-4-5kc-malta-di scsi-extra-modules-3.16.0-4-5kc-malta-di loop-modules-3.16.0-4-5kc-malta-di btrfs-modules-3.16.0-4-5kc-malta-di isofs-modules-3.16.0-4-5kc-malta-di jfs-modules-3.16.0-4-5kc-malta-di ntfs-modules-3.16.0-4-5kc-malta-di xfs-modules-3.16.0-4-5kc-malta-di fat-modules-3.16.0-4-5kc-malta-di hfs-modules-3.16.0-4-5kc-malta-di affs-modules-3.16.0-4-5kc-malta-di minix-modules-3.16.0-4-5kc-malta-di md-modules-3.16.0-4-5kc-malta-di multipath-modules-3.16.0-4-5kc-malta-di usb-modules-3.16.0-4-5kc-malta-di usb-storage-modules-3.16.0-4-5kc-malta-di input-modules-3.16.0-4-5kc-malta-di event-modules-3.16.0-4-5kc-malta-di mouse-modules-3.16.0-4-5kc-malta-di nic-usb-modules-3.16.0-4-5kc-malta-di sata-modules-3.16.0-4-5kc-malta-di i2c-modules-3.16.0-4-5kc-malta-di crc-modules-3.16.0-4-5kc-malta-di crypto-modules-3.16.0-4-5kc-malta-di crypto-dm-modules-3.16.0-4-5kc-malta-di mmc-core-modules-3.16.0-4-5kc-malta-di mmc-modules-3.16.0-4-5kc-malta-di nbd-modules-3.16.0-4-5kc-malta-di squashfs-modules-3.16.0-4-5kc-malta-di virtio-modules-3.16.0-4-5kc-malta-di sound-modules-3.16.0-4-5kc-malta-di zlib-modules-3.16.0-4-5kc-malta-di udf-modules-3.16.0-4-5kc-malta-di fuse-modules-3.16.0-4-5kc-malta-di linux-headers-3.16.0-4-all-mips64el linux-headers-3.16.0-4-all-powerpc kernel-image-3.16.0-4-powerpc-di nic-modules-3.16.0-4-powerpc-di nic-shared-modules-3.16.0-4-powerpc-di serial-modules-3.16.0-4-powerpc-di usb-serial-modules-3.16.0-4-powerpc-di ppp-modules-3.16.0-4-powerpc-di pata-modules-3.16.0-4-powerpc-di cdrom-core-modules-3.16.0-4-powerpc-di firewire-core-modules-3.16.0-4-powerpc-di scsi-core-modules-3.16.0-4-powerpc-di scsi-modules-3.16.0-4-powerpc-di scsi-common-modules-3.16.0-4-powerpc-di scsi-extra-modules-3.16.0-4-powerpc-di loop-modules-3.16.0-4-powerpc-di btrfs-modules-3.16.0-4-powerpc-di ext4-modules-3.16.0-4-powerpc-di isofs-modules-3.16.0-4-powerpc-di jfs-modules-3.16.0-4-powerpc-di xfs-modules-3.16.0-4-powerpc-di fat-modules-3.16.0-4-powerpc-di hfs-modules-3.16.0-4-powerpc-di affs-modules-3.16.0-4-powerpc-di md-modules-3.16.0-4-powerpc-di multipath-modules-3.16.0-4-powerpc-di usb-modules-3.16.0-4-powerpc-di usb-storage-modules-3.16.0-4-powerpc-di pcmcia-storage-modules-3.16.0-4-powerpc-di fb-modules-3.16.0-4-powerpc-di input-modules-3.16.0-4-powerpc-di event-modules-3.16.0-4-powerpc-di mouse-modules-3.16.0-4-powerpc-di nic-pcmcia-modules-3.16.0-4-powerpc-di pcmcia-modules-3.16.0-4-powerpc-di sata-modules-3.16.0-4-powerpc-di core-modules-3.16.0-4-powerpc-di crc-modules-3.16.0-4-powerpc-di crypto-modules-3.16.0-4-powerpc-di crypto-dm-modules-3.16.0-4-powerpc-di ata-modules-3.16.0-4-powerpc-di nbd-modules-3.16.0-4-powerpc-di squashfs-modules-3.16.0-4-powerpc-di virtio-modules-3.16.0-4-powerpc-di uinput-modules-3.16.0-4-powerpc-di zlib-modules-3.16.0-4-powerpc-di udf-modules-3.16.0-4-powerpc-di fuse-modules-3.16.0-4-powerpc-di kernel-image-3.16.0-4-powerpc64-di nic-modules-3.16.0-4-powerpc64-di nic-shared-modules-3.16.0-4-powerpc64-di serial-modules-3.16.0-4-powerpc64-di usb-serial-modules-3.16.0-4-powerpc64-di ppp-modules-3.16.0-4-powerpc64-di pata-modules-3.16.0-4-powerpc64-di cdrom-core-modules-3.16.0-4-powerpc64-di firewire-core-modules-3.16.0-4-powerpc64-di scsi-core-modules-3.16.0-4-powerpc64-di scsi-modules-3.16.0-4-powerpc64-di scsi-common-modules-3.16.0-4-powerpc64-di scsi-extra-modules-3.16.0-4-powerpc64-di loop-modules-3.16.0-4-powerpc64-di btrfs-modules-3.16.0-4-powerpc64-di ext4-modules-3.16.0-4-powerpc64-di isofs-modules-3.16.0-4-powerpc64-di jfs-modules-3.16.0-4-powerpc64-di xfs-modules-3.16.0-4-powerpc64-di fat-modules-3.16.0-4-powerpc64-di hfs-modules-3.16.0-4-powerpc64-di affs-modules-3.16.0-4-powerpc64-di md-modules-3.16.0-4-powerpc64-di multipath-modules-3.16.0-4-powerpc64-di usb-modules-3.16.0-4-powerpc64-di usb-storage-modules-3.16.0-4-powerpc64-di pcmcia-storage-modules-3.16.0-4-powerpc64-di input-modules-3.16.0-4-powerpc64-di event-modules-3.16.0-4-powerpc64-di mouse-modules-3.16.0-4-powerpc64-di nic-pcmcia-modules-3.16.0-4-powerpc64-di pcmcia-modules-3.16.0-4-powerpc64-di sata-modules-3.16.0-4-powerpc64-di core-modules-3.16.0-4-powerpc64-di crc-modules-3.16.0-4-powerpc64-di crypto-modules-3.16.0-4-powerpc64-di crypto-dm-modules-3.16.0-4-powerpc64-di ata-modules-3.16.0-4-powerpc64-di nbd-modules-3.16.0-4-powerpc64-di squashfs-modules-3.16.0-4-powerpc64-di virtio-modules-3.16.0-4-powerpc64-di uinput-modules-3.16.0-4-powerpc64-di udf-modules-3.16.0-4-powerpc64-di fuse-modules-3.16.0-4-powerpc64-di hypervisor-modules-3.16.0-4-powerpc64-di fancontrol-modules-3.16.0-4-powerpc64-di linux-image-3.16.0-4-powerpc linux-headers-3.16.0-4-powerpc linux-image-3.16.0-4-powerpc-smp linux-headers-3.16.0-4-powerpc-smp linux-image-3.16.0-4-powerpc64 linux-headers-3.16.0-4-powerpc64 linux-headers-3.16.0-4-all-powerpcspe linux-image-3.16.0-4-powerpcspe linux-headers-3.16.0-4-powerpcspe linux-headers-3.16.0-4-all-ppc64 linux-headers-3.16.0-4-all-ppc64el kernel-image-3.16.0-4-powerpc64le-di nic-modules-3.16.0-4-powerpc64le-di nic-shared-modules-3.16.0-4-powerpc64le-di serial-modules-3.16.0-4-powerpc64le-di usb-serial-modules-3.16.0-4-powerpc64le-di ppp-modules-3.16.0-4-powerpc64le-di cdrom-core-modules-3.16.0-4-powerpc64le-di firewire-core-modules-3.16.0-4-powerpc64le-di scsi-core-modules-3.16.0-4-powerpc64le-di scsi-modules-3.16.0-4-powerpc64le-di scsi-common-modules-3.16.0-4-powerpc64le-di scsi-extra-modules-3.16.0-4-powerpc64le-di loop-modules-3.16.0-4-powerpc64le-di btrfs-modules-3.16.0-4-powerpc64le-di ext4-modules-3.16.0-4-powerpc64le-di isofs-modules-3.16.0-4-powerpc64le-di jfs-modules-3.16.0-4-powerpc64le-di xfs-modules-3.16.0-4-powerpc64le-di fat-modules-3.16.0-4-powerpc64le-di md-modules-3.16.0-4-powerpc64le-di multipath-modules-3.16.0-4-powerpc64le-di usb-modules-3.16.0-4-powerpc64le-di usb-storage-modules-3.16.0-4-powerpc64le-di input-modules-3.16.0-4-powerpc64le-di event-modules-3.16.0-4-powerpc64le-di mouse-modules-3.16.0-4-powerpc64le-di sata-modules-3.16.0-4-powerpc64le-di core-modules-3.16.0-4-powerpc64le-di crc-modules-3.16.0-4-powerpc64le-di crypto-modules-3.16.0-4-powerpc64le-di crypto-dm-modules-3.16.0-4-powerpc64le-di ata-modules-3.16.0-4-powerpc64le-di nbd-modules-3.16.0-4-powerpc64le-di squashfs-modules-3.16.0-4-powerpc64le-di virtio-modules-3.16.0-4-powerpc64le-di uinput-modules-3.16.0-4-powerpc64le-di udf-modules-3.16.0-4-powerpc64le-di fuse-modules-3.16.0-4-powerpc64le-di hypervisor-modules-3.16.0-4-powerpc64le-di fancontrol-modules-3.16.0-4-powerpc64le-di linux-image-3.16.0-4-powerpc64le linux-headers-3.16.0-4-powerpc64le linux-headers-3.16.0-4-all-s390 kernel-image-3.16.0-4-s390x-di nic-modules-3.16.0-4-s390x-di scsi-core-modules-3.16.0-4-s390x-di scsi-modules-3.16.0-4-s390x-di ext4-modules-3.16.0-4-s390x-di xfs-modules-3.16.0-4-s390x-di fat-modules-3.16.0-4-s390x-di md-modules-3.16.0-4-s390x-di multipath-modules-3.16.0-4-s390x-di core-modules-3.16.0-4-s390x-di crypto-modules-3.16.0-4-s390x-di crypto-dm-modules-3.16.0-4-s390x-di nbd-modules-3.16.0-4-s390x-di virtio-modules-3.16.0-4-s390x-di fuse-modules-3.16.0-4-s390x-di dasd-modules-3.16.0-4-s390x-di dasd-extra-modules-3.16.0-4-s390x-di linux-image-3.16.0-4-s390x linux-headers-3.16.0-4-s390x linux-image-3.16.0-4-s390x-dbg linux-headers-3.16.0-4-all-s390x linux-headers-3.16.0-4-all-sh4 kernel-image-3.16.0-4-sh7751r-di nic-modules-3.16.0-4-sh7751r-di usb-serial-modules-3.16.0-4-sh7751r-di ppp-modules-3.16.0-4-sh7751r-di pata-modules-3.16.0-4-sh7751r-di cdrom-core-modules-3.16.0-4-sh7751r-di firewire-core-modules-3.16.0-4-sh7751r-di scsi-core-modules-3.16.0-4-sh7751r-di loop-modules-3.16.0-4-sh7751r-di btrfs-modules-3.16.0-4-sh7751r-di ext4-modules-3.16.0-4-sh7751r-di isofs-modules-3.16.0-4-sh7751r-di jfs-modules-3.16.0-4-sh7751r-di xfs-modules-3.16.0-4-sh7751r-di fat-modules-3.16.0-4-sh7751r-di minix-modules-3.16.0-4-sh7751r-di md-modules-3.16.0-4-sh7751r-di multipath-modules-3.16.0-4-sh7751r-di usb-storage-modules-3.16.0-4-sh7751r-di nic-usb-modules-3.16.0-4-sh7751r-di sata-modules-3.16.0-4-sh7751r-di i2c-modules-3.16.0-4-sh7751r-di crc-modules-3.16.0-4-sh7751r-di crypto-modules-3.16.0-4-sh7751r-di crypto-dm-modules-3.16.0-4-sh7751r-di nbd-modules-3.16.0-4-sh7751r-di squashfs-modules-3.16.0-4-sh7751r-di speakup-modules-3.16.0-4-sh7751r-di virtio-modules-3.16.0-4-sh7751r-di sound-modules-3.16.0-4-sh7751r-di zlib-modules-3.16.0-4-sh7751r-di udf-modules-3.16.0-4-sh7751r-di fuse-modules-3.16.0-4-sh7751r-di kernel-image-3.16.0-4-sh7785lcr-di nic-modules-3.16.0-4-sh7785lcr-di usb-serial-modules-3.16.0-4-sh7785lcr-di ppp-modules-3.16.0-4-sh7785lcr-di pata-modules-3.16.0-4-sh7785lcr-di cdrom-core-modules-3.16.0-4-sh7785lcr-di firewire-core-modules-3.16.0-4-sh7785lcr-di scsi-core-modules-3.16.0-4-sh7785lcr-di loop-modules-3.16.0-4-sh7785lcr-di btrfs-modules-3.16.0-4-sh7785lcr-di ext4-modules-3.16.0-4-sh7785lcr-di isofs-modules-3.16.0-4-sh7785lcr-di jfs-modules-3.16.0-4-sh7785lcr-di xfs-modules-3.16.0-4-sh7785lcr-di fat-modules-3.16.0-4-sh7785lcr-di minix-modules-3.16.0-4-sh7785lcr-di md-modules-3.16.0-4-sh7785lcr-di multipath-modules-3.16.0-4-sh7785lcr-di nic-usb-modules-3.16.0-4-sh7785lcr-di sata-modules-3.16.0-4-sh7785lcr-di crc-modules-3.16.0-4-sh7785lcr-di crypto-modules-3.16.0-4-sh7785lcr-di crypto-dm-modules-3.16.0-4-sh7785lcr-di nbd-modules-3.16.0-4-sh7785lcr-di squashfs-modules-3.16.0-4-sh7785lcr-di speakup-modules-3.16.0-4-sh7785lcr-di sound-modules-3.16.0-4-sh7785lcr-di zlib-modules-3.16.0-4-sh7785lcr-di udf-modules-3.16.0-4-sh7785lcr-di fuse-modules-3.16.0-4-sh7785lcr-di linux-image-3.16.0-4-sh7751r linux-headers-3.16.0-4-sh7751r linux-image-3.16.0-4-sh7785lcr linux-headers-3.16.0-4-sh7785lcr linux-headers-3.16.0-4-all-sparc kernel-image-3.16.0-4-sparc64-di nic-modules-3.16.0-4-sparc64-di ppp-modules-3.16.0-4-sparc64-di pata-modules-3.16.0-4-sparc64-di cdrom-core-modules-3.16.0-4-sparc64-di scsi-core-modules-3.16.0-4-sparc64-di scsi-modules-3.16.0-4-sparc64-di scsi-common-modules-3.16.0-4-sparc64-di btrfs-modules-3.16.0-4-sparc64-di ext4-modules-3.16.0-4-sparc64-di isofs-modules-3.16.0-4-sparc64-di jfs-modules-3.16.0-4-sparc64-di xfs-modules-3.16.0-4-sparc64-di fat-modules-3.16.0-4-sparc64-di md-modules-3.16.0-4-sparc64-di multipath-modules-3.16.0-4-sparc64-di usb-modules-3.16.0-4-sparc64-di usb-storage-modules-3.16.0-4-sparc64-di input-modules-3.16.0-4-sparc64-di sata-modules-3.16.0-4-sparc64-di core-modules-3.16.0-4-sparc64-di crc-modules-3.16.0-4-sparc64-di crypto-modules-3.16.0-4-sparc64-di crypto-dm-modules-3.16.0-4-sparc64-di ata-modules-3.16.0-4-sparc64-di nbd-modules-3.16.0-4-sparc64-di squashfs-modules-3.16.0-4-sparc64-di virtio-modules-3.16.0-4-sparc64-di zlib-modules-3.16.0-4-sparc64-di udf-modules-3.16.0-4-sparc64-di fuse-modules-3.16.0-4-sparc64-di linux-image-3.16.0-4-sparc64 linux-headers-3.16.0-4-sparc64 linux-image-3.16.0-4-sparc64-smp linux-headers-3.16.0-4-sparc64-smp linux-headers-3.16.0-4-all-sparc64 linux-compiler-gcc-4.8-arm linux-compiler-gcc-4.8-s390 linux-compiler-gcc-4.8-x86",488376678
20160921034243,lxc,1:1.0.6-6+deb8u2,88ed64895d0431816f3cac18114cc1ad,"lxc lxc-dbg",1397762
20160921034243,mailman,1:2.1.18-2+deb8u1,0b1b1e7f01988ce8925e7ea08c360c76,"mailman",4292892
20160921034243,mariadb-10.0,10.0.26-0+deb8u1,008b6e44dc0c70fe42f0b14f4c87178d,"libmariadbd-dev mariadb-common mariadb-client-core-10.0 mariadb-client-10.0 mariadb-server-core-10.0 mariadb-test-10.0 mariadb-server-10.0 mariadb-server mariadb-client mariadb-test mariadb-connect-engine-10.0 mariadb-oqgraph-engine-10.0",45881808
20160921034243,mercurial,3.1.2-2+deb8u3,ac89451b3f53076a4d35e9e0d66857d6,"mercurial-common mercurial",1661058
20160921034243,miniupnpc,1.9.20140610-2+deb8u1,eced304501de6207082dff9df28253de,"miniupnpc libminiupnpc10 libminiupnpc-dev python-miniupnpc",117374
20160921034243,monotone,1.1-4+deb8u1,07c6c1899bf48d822dd354df1e18044e,"monotone monotone-extras monotone-server monotone-doc",3474806
20160921034243,mupdf,1.5-1+deb8u1,160af6d320bd41a41f9746e0d85997e5,"libmupdf-dev mupdf mupdf-tools",10308144
20160921034243,mvel,2.0.18-4,3c9f8ac7a04bba57bd59363fe2972232,"libmvel-java libmvel-java-doc",0
20160921034243,mysql-5.5,5.5.52-0+deb8u1,6db2623d40cf0a21eecd1c84f0c4d417,"libmysqlclient18 libmysqld-pic libmysqld-dev libmysqlclient-dev mysql-common mysql-client-5.5 mysql-server-core-5.5 mysql-server-5.5 mysql-server mysql-client mysql-testsuite mysql-testsuite-5.5 mysql-source-5.5",41823010
20160921034243,mysql-connector-java,5.1.39-1~deb8u1,c78d30bb4afad4eaaa5de41aca8f8c37,"libmysql-java",1028366
20160921034243,nbd,1:3.8-4+deb8u1,35326f983d2671f7b41467a34a6f5844,"nbd-server nbd-client nbd-client-udeb",151110
20160921034243,nginx,1.6.2-5+deb8u2,3ee970c2ca1323061d6c17349b5a161a,"nginx nginx-doc nginx-common nginx-full nginx-full-dbg nginx-light nginx-light-dbg nginx-extras nginx-extras-dbg",11905240
20160921034243,nspr,2:4.10.7-1+deb8u1,0badaf704bc0dd44e138189593c257f2,"libnspr4 libnspr4-0d libnspr4-dev libnspr4-dbg",584834
20160921034243,nss,2:3.17.2-1.1+deb8u1,0ec9a52bef098c4fb68b06f401c8b6ce,"libnss3 libnss3-1d libnss3-tools libnss3-dev libnss3-dbg",10185846
20160921034243,ntfs-3g,1:2014.2.15AR.2-1+deb8u2,c2d64326825320044a9cf500c14209a3,"ntfs-3g ntfs-3g-dbg ntfs-3g-dev ntfs-3g-udeb",2021652
20160921034243,ntp,1:4.2.6.p5+dfsg-7+deb8u2,94130c75613f127ad955fd791490ad1c,"ntp ntpdate ntp-doc",1499684
20160921034243,oar,2.5.4-2+deb8u1,d258f76698d76bbf312b5a013fbbe811,"liboar-perl oar-common oar-server oar-server-mysql oar-server-pgsql oar-node oar-user oar-user-mysql oar-user-pgsql oar-web-status oar-doc oar-restful-api oar-api",1771466
20160921034243,openafs,1.6.9-2+deb8u5,89e293bef00b60afc19eb478f5376d73,"openafs-client openafs-fuse openafs-kpasswd openafs-fileserver openafs-dbserver openafs-doc openafs-krb5 libkopenafs1 libafsauthent1 libafsrpc1 libopenafs-dev openafs-modules-source openafs-modules-dkms libpam-openafs-kaserver openafs-dbg",34354802
20160921034243,openjdk-7,7u111-2.6.7-1~deb8u1,7676124755d4fe5c108bda68d5e2fc0e,"openjdk-7-jdk openjdk-7-jre-headless openjdk-7-jre openjdk-7-jre-lib openjdk-7-demo openjdk-7-source openjdk-7-doc openjdk-7-dbg icedtea-7-jre-jamvm openjdk-7-jre-zero",285260566
20160921034243,openjpeg2,2.1.0-2+deb8u1,2835e9be60bbe1c194d6d2587ff27f46,"libopenjp2-7-dev libopenjp2-7 libopenjpip7 libopenjp3d7 libopenjp2-7-dbg libopenjpip-dec-server libopenjpip-viewer libopenjpip-server libopenjp3d-tools libopenjp2-tools",1456814
20160921034243,openldap,2.4.40+dfsg-1+deb8u1,8d84a916e2312aade2a3d7b2308a9a69,"slapd slapd-smbk5pwd ldap-utils libldap-2.4-2 libldap-2.4-2-dbg libldap2-dev slapd-dbg",7573946
20160921034243,opensaml2,2.5.3-2+deb8u1,6e6d6653351cd4a7f63684118fdd5be0,"libsaml8 libsaml2-dev opensaml2-tools opensaml2-schemas libsaml2-doc",1281950
20160921034243,openslp-dfsg,1.2.1-10+deb8u1,4214efa4a7ddb9cc069b638701c26084,"libslp1 libslp-dev slpd slptool openslp-doc",270796
20160921034243,openssh,1:6.7p1-5+deb8u3,c95ae888817d1c3cb77453453846f32e,"openssh-client openssh-server openssh-sftp-server ssh ssh-krb5 ssh-askpass-gnome openssh-client-udeb openssh-server-udeb",1426214
20160921034243,openssl,1.0.1k-3+deb8u5,5f504b128e218835edc7e700a9f91dc9,"openssl libssl1.0.0 libcrypto1.0.0-udeb libssl-dev libssl-doc libssl1.0.0-dbg",8066664
20160921034243,openvswitch,2.3.0+git20140819-3+deb8u1,7a0817ea6afc51ebd31c1a9b481f62bd,"openvswitch-common openvswitch-switch openvswitch-ipsec openvswitch-pki openvswitch-dbg python-openvswitch openvswitch-test openvswitch-vtep",6290944
20160921034243,optipng,0.7.5-1+deb8u1,db2484081ac1925f368b4b7ba5a90f9e,"optipng",82690
20160921034243,ovito,2.3.3-3+deb8u1,2025c04757bac6ae97fcef9260a32ddf,"ovito ovito-doc",18762814
20160921034243,owncloud,7.0.4+dfsg-4~deb8u3,6016d0840f82c12b37c2ab59a514ca48,"owncloud",7537902
20160921034243,owncloud-client,1.7.0~beta1+really1.6.4+dfsg-1+deb8u1,83106bb5ca153374e5b1a0d051f23212,"owncloud-client owncloud-client-doc libowncloudsync0 libowncloudsync-dev owncloud-client-l10n owncloud-client-cmd",3161554
20160921034243,p7zip,9.20.1~dfsg.1-4.1+deb8u2,da9d3bbd69ff98c4d241c4493acd065d,"p7zip p7zip-full",1242276
20160921034243,pdns,3.4.1-4+deb8u6,2347b5aee88c02c6db6212c8f7b689a3,"pdns-server pdns-server-dbg pdns-backend-pipe pdns-backend-ldap pdns-backend-geo pdns-backend-mysql pdns-backend-pgsql pdns-backend-sqlite3 pdns-backend-lua pdns-backend-lmdb pdns-backend-remote pdns-backend-mydns",35428758
20160921034243,pdns-recursor,3.6.2-2+deb8u2,565a727e355776de6950b4ee3ebd8398,"pdns-recursor pdns-recursor-dbg",7857254
20160921034243,perl,5.20.2-3+deb8u6,53e57cdf702ba031189ce7f7860a52d5,"perl-base perl-doc perl-debug libperl5.20 libperl-dev perl-modules perl",20531936
20160921034243,php-horde,5.2.1+debian0-2+deb8u3,38e6030c0f03097bfd887db2efa91b99,"php-horde",1681782
20160921034243,php-horde-core,2.15.0+debian0-1+deb8u1,f5fdafdbe8bb5e43dd8c07f6c6f4f4a3,"php-horde-core",923778
20160921034243,php5,5.6.24+dfsg-0+deb8u1,0549a8aeeb44804e759ff13e79058142,"php5 php5-common libapache2-mod-php5 libapache2-mod-php5filter php5-cgi php5-cli php5-phpdbg php5-fpm libphp5-embed php5-dev php5-dbg php-pear php5-curl php5-enchant php5-gd php5-gmp php5-imap php5-interbase php5-intl php5-ldap php5-mcrypt php5-readline php5-mysql php5-mysqlnd php5-odbc php5-pgsql php5-pspell php5-recode php5-snmp php5-sqlite php5-sybase php5-tidy php5-xmlrpc php5-xsl",64704456
20160921034243,phpmyadmin,4:4.2.12-2+deb8u2,ffd160ec42978fb833eaff5c6555dfd3,"phpmyadmin",3853192
20160921034243,pidgin,2.11.0-0+deb8u1,32c9feca2d679c94b54fe0a73648d01a,"libpurple0 pidgin pidgin-data pidgin-dev pidgin-dbg finch finch-dev libpurple-dev libpurple-bin",15094490
20160921034243,pidgin-otr,4.0.1-1+deb8u1,8e1fc921348182b19f93141efc00903d,"pidgin-otr",118882
20160921034243,pillow,2.6.1-2+deb8u2,aebfa7c07d12f472c4c023ab345b6e53,"python-pil python-pil-dbg python-pil.imagetk python-pil.imagetk-dbg python-imaging-tk python-sane python-sane-dbg python3-pil python3-pil-dbg python3-pil.imagetk python3-pil.imagetk-dbg python3-sane python3-sane-dbg python-pil-doc python-imaging",1686070
20160921034243,polarssl,1.3.9-2.1+deb8u1,217fee58d15b80c4f9a9b87b100abf49,"libpolarssl-dev libpolarssl-runtime libpolarssl7",1236302
20160921034243,poppler,0.26.5-2+deb8u1,f32446a9c699275428ce956e56060caa,"libpoppler46 libpoppler-dev libpoppler-private-dev libpoppler-glib8 libpoppler-glib-dev libpoppler-glib-doc gir1.2-poppler-0.18 libpoppler-qt4-4 libpoppler-qt4-dev libpoppler-qt5-1 libpoppler-qt5-dev libpoppler-cpp0 libpoppler-cpp-dev poppler-utils poppler-dbg",11047296
20160921034243,poppler-data,0.4.7-1,51d38818e7a1448be4cc76b0a56f063e,"poppler-data",0
20160921034243,postgresql-9.1,9.1.16-0+deb8u1,3afcd1f06de1ca17518b544f50a617ac,"postgresql-plperl-9.1",73278
20160921034243,postgresql-9.4,9.4.9-0+deb8u1,c9e91f64a0bba9f6e5ce36e3debbbb4c,"libpq-dev libpq5 libecpg6 libecpg-dev libecpg-compat3 libpgtypes3 postgresql-9.4 postgresql-9.4-dbg postgresql-client-9.4 postgresql-server-dev-9.4 postgresql-doc-9.4 postgresql-contrib-9.4 postgresql-plperl-9.4 postgresql-plpython-9.4 postgresql-plpython3-9.4 postgresql-pltcl-9.4",20664612
20160921034243,pound,2.6-6+deb8u1,3502109e32aac34eb3caea6242a2b2dd,"pound",102784
20160921034243,privoxy,3.0.21-7+deb8u1,17fd3ca543b292c2fe07aa658297adaf,"privoxy",494380
20160921034243,proftpd-dfsg,1.3.5-1.1+deb8u1,03ce9da66719ea1acee54200562ce7f9,"proftpd-basic proftpd-dev proftpd-doc proftpd-mod-mysql proftpd-mod-pgsql proftpd-mod-ldap proftpd-mod-odbc proftpd-mod-sqlite proftpd-mod-geoip",7232622
20160921034243,prosody,0.9.7-2+deb8u3,b7364f5920a4f5674659b668c946abbb,"prosody",203612
20160921034243,putty,0.63-10+deb8u1,a68f515437d61e5f01cb5b075cc56cd7,"pterm putty putty-tools putty-doc",952876
20160921034243,pygments,2.0.1+dfsg-1.1+deb8u1,eb01a9be5536f54cac6f319c51eeedae,"python-pygments python3-pygments python-pygments-doc",1188790
20160921034243,pyjwt,0.2.1-1+deb8u1,c4f8658ed920abb44a14aeac82c2fa64,"python-jwt python3-jwt",19752
20160921034243,python-django,1.7.7-1+deb8u5,bc3169c4f21513823580fd47c1b6691e,"python-django python3-django python-django-common python-django-doc",5946462
20160921034243,qemu,1:2.1+dfsg-12+deb8u6,33206718e823f5e0f888f381cc08fbd1,"qemu qemu-system qemu-system-common qemu-system-misc qemu-system-arm qemu-system-mips qemu-system-ppc qemu-system-sparc qemu-system-x86 qemu-user qemu-user-static qemu-user-binfmt qemu-utils qemu-guest-agent qemu-kvm",29401588
20160921034243,qtcreator,3.2.1+dfsg-7+deb8u1,ce9a86ba7c02974827ca10a80f3fa666,"qtcreator qtcreator-data qtcreator-dbg qtcreator-doc",348251874
20160921034243,quagga,0.99.23.1-1+deb8u2,869530531b12abeb41ac84fcaec55b49,"quagga quagga-dbg quagga-doc",3896422
20160921034243,quassel,1:0.10.0-2.3+deb8u1,bc36915aecdb9415595a9e64f2bfbcde,"quassel-core quassel-client quassel quassel-data quassel-client-kde4 quassel-kde4 quassel-data-kde4",9495170
20160921034243,radicale,0.9-1+deb8u1,153fa68cfd04b3da16bba2ee24698377,"radicale python-radicale",60204
20160921034243,rails,2:4.1.8-1+deb8u4,83f4604e78fe3ed484fa35c4957c5862,"ruby-activesupport ruby-activesupport-2.3 ruby-activerecord ruby-activemodel ruby-actionview ruby-actionpack ruby-actionmailer ruby-railties ruby-rails rails",1027244
20160921034243,redis,2:2.8.17-1+deb8u5,6e626490ddcf8a44ad5f023e9f29b93e,"redis-server redis-tools",387676
20160921034243,redmine,3.0~20140825-8~deb8u2,fb95747357eaf9d75f89828d6d4d855f,"redmine redmine-mysql redmine-pgsql redmine-sqlite",4866010
20160921034243,request-tracker4,4.2.8-3+deb8u1,ea620b65cd7d23d1e0f408308549c6d3,"request-tracker4 rt4-clients rt4-standalone rt4-fcgi rt4-apache2 rt4-db-postgresql rt4-db-mysql rt4-db-sqlite rt4-doc-html",4208694
20160921034243,roundup,1.4.20-1.1+deb8u1,53e24d35f3e424a1f6f8f0a08502a6cd,"roundup",1138470
20160921034243,rpcbind,0.2.1-6+deb8u1,680b1e43d633ed8772c7494bc5c9619c,"rpcbind",41600
20160921034243,ruby-rack,1.5.2-3+deb8u1,1da39eb245aef6045ea76697a2f89125,"ruby-rack",83690
20160921034243,ruby2.1,2.1.5-2+deb8u1,a868f186cdd03d3eeb12c51f9b440cab,"ruby2.1 libruby2.1 ruby2.1-dev ruby2.1-doc ruby2.1-tcltk",8496928
20160921034243,samba,2:4.2.10+dfsg-0+deb8u3,bff8527d1fbcc2e61d97373d36951ef7,"samba samba-libs samba-common samba-common-bin smbclient samba-testsuite registry-tools libparse-pidl-perl samba-dev samba-doc python-samba samba-dsdb-modules samba-vfs-modules libpam-smbpass libsmbclient libsmbclient-dev winbind libpam-winbind libnss-winbind samba-dbg libwbclient0 libwbclient-dev ctdb",43550990
20160921034243,screen,4.2.1-3+deb8u1,2ad3b366eaf369ae876cc7687fcdb23d,"screen screen-dbg",972038
20160921034243,seabios,1.7.5-1,b649f7632bb39f45522caa6186a325ff,"seabios",0
20160921034243,smokeping,2.6.9-1+deb8u1,4dd46930c3338e4a1358f77204420141,"smokeping",384194
20160921034243,softhsm,1.3.7-2+deb8u1,3395a24847387e0292af49a79ada6d09,"softhsm-common softhsm libsofthsm-dev libsofthsm softhsm-dbg",506704
20160921034243,spice,0.12.5-1+deb8u3,b50db9e4031ed7348728fda30acb5eb2,"spice-client libspice-server1 libspice-server1-dbg libspice-server-dev",2688938
20160921034243,spip,3.0.17-2+deb8u2,831ad23479afb03e1749d332979c60d2,"spip",4824028
20160921034243,sqlite3,3.8.7.1-1+deb8u1,5df0f1a39cbe9e2d0424e152d052fc58,"lemon sqlite3 sqlite3-doc libsqlite3-0-dbg libsqlite3-0 libsqlite3-dev libsqlite3-tcl",5273796
20160921034243,squid3,3.4.8-6+deb8u3,de76e429fbc4179c2f59cc1f8bdf6440,"squid3 squid3-dbg squid3-common squidclient squid-cgi squid-purge",11380106
20160921034243,srtp,1.4.5~20130609~dfsg-1.1+deb8u1,3ff1bf14fc81280f00604a274c58aa95,"libsrtp0-dev libsrtp0 srtp-docs srtp-utils",497828
20160921034243,strongswan,5.2.1-6+deb8u2,7f0aef29b3643cc0bf30f78bd92f4da5,"strongswan libstrongswan libstrongswan-standard-plugins libstrongswan-extra-plugins libcharon-extra-plugins strongswan-dbg strongswan-starter strongswan-libcharon strongswan-charon strongswan-ike strongswan-nm strongswan-ikev1 strongswan-ikev2 charon-cmd",9566804
20160921034243,stunnel4,3:5.06-2+deb8u1,733b28398a65075a0267c04239bfa832,"stunnel4",177780
20160921034243,subversion,1.8.10-6+deb8u4,88cd7d8cc0fcdd00957ecca5c2550d5c,"subversion subversion-dbg libsvn1 libsvn-dev libsvn-doc libapache2-mod-svn libapache2-svn python-subversion subversion-tools libsvn-java libsvn-perl ruby-svn libsvn-ruby1.8",15601734
20160921034243,sudo,1.8.10p3-1+deb8u3,de8a725b548cffd954c6990f3f24becd,"sudo sudo-ldap",1735912
20160921034243,suricata,2.0.7-2+deb8u1,99552a264770c4e8defa507610e9a583,"suricata",773248
20160921034243,swift-plugin-s3,1.7-5+deb8u1,b88ee93b07f8b7776cb92e652e1c5e41,"swift-plugin-s3",26852
20160921034243,symfony,2.3.21+dfsg-4+deb8u3,4397c70973ec25c8d649569be366ac45,"php-symfony-browser-kit php-symfony-class-loader php-symfony-classloader php-symfony-config php-symfony-console php-symfony-css-selector php-symfony-debug php-symfony-dependency-injection php-symfony-dom-crawler php-symfony-event-dispatcher php-symfony-eventdispatcher php-symfony-filesystem php-symfony-finder php-symfony-form php-symfony-http-foundation php-symfony-http-kernel php-symfony-intl php-symfony-locale php-symfony-options-resolver php-symfony-process php-symfony-property-access php-symfony-routing php-symfony-security php-symfony-serializer php-symfony-stopwatch php-symfony-templating php-symfony-translation php-symfony-validator php-symfony-yaml php-symfony-doctrine-bridge php-symfony-monolog-bridge php-symfony-propel1-bridge php-symfony-proxy-manager-bridge php-symfony-swiftmailer-bridge php-symfony-twig-bridge php-symfony-framework-bundle php-symfony-security-bundle php-symfony-twig-bundle php-symfony-web-profiler-bundle",2480374
20160921034243,talloc,2.1.2-0+deb8u1,e1b8bddda854065332ea5da45d8c535d,"libtalloc2 libtalloc2-dbg libtalloc-dev python-talloc python-talloc-dbg python-talloc-dev",298134
20160921034243,tardiff,0.1-2+deb8u2,29425a40caa69cc1a0fc3cd2f7ac0a8e,"tardiff",5558
20160921034243,tdb,1.3.6-0+deb8u1,3fb4155cf87018c093f80511c4dbd0c1,"libtdb1 tdb-tools libtdb-dev libtdb1-dbg python-tdb python-tdb-dbg",208098
20160921034243,tevent,0.9.25-0+deb8u1,1d01454314d7f0af27bdd7c17a0084a4,"libtevent0 libtevent0-dbg libtevent-dev",129104
20160921034243,tidy,20091223cvs-1.4+deb8u1,c16246191b47153ce83226b7ae2c2975,"tidy libtidy-0.99-0 libtidy-dev tidy-doc",381478
20160921034243,tiff,4.0.3-12.3+deb8u1,8994b58cf108e18084acd4813f376963,"libtiff5 libtiffxx5 libtiff5-dev libtiff-tools libtiff-opengl libtiff-doc",1352826
20160921034243,tomcat6,6.0.45+dfsg-1~deb8u1,16c23a7de02240ef0d0895c58d96ab08,"libservlet2.5-java libservlet2.5-java-doc",395114
20160921034243,tomcat7,7.0.56-3+deb8u4,a966386299e342dedaeda4345e02fb73,"tomcat7-common tomcat7 tomcat7-user libtomcat7-java libservlet3.0-java libservlet3.0-java-doc tomcat7-admin tomcat7-examples tomcat7-docs",5134998
20160921034243,tomcat8,8.0.14-1+deb8u3,7befb3ce086ead4ff3c568079ff58378,"tomcat8-common tomcat8 tomcat8-user libtomcat8-java libservlet3.1-java libservlet3.1-java-doc tomcat8-admin tomcat8-examples tomcat8-docs",6268790
20160921034243,tryton-server,3.4.0-3+deb8u2,f54ebaef4802be9aa4d75a676d792b3d,"tryton-server tryton-server-doc",422294
20160921034243,twig,1.16.2-1+deb8u1,57ad42d0f47739ab3c3b4099e024b616,"php-twig php-twig-doc php5-twig",241324
20160921034243,unattended-upgrades,0.83.3.2+deb8u1,0d29a3b2f927a018f0409f8fcda92a9e,"unattended-upgrades",52922
20160921034243,unzip,6.0-16+deb8u2,cd63bde8effe26c1959bcb69424936ba,"unzip",162134
20160921034243,vlc,2.2.4-1~deb8u1,87c6a121ba5861876f9cf77c071799f3,"libvlc-dev libvlc5 libvlccore-dev libvlccore8 vlc vlc-data vlc-dbg vlc-nox vlc-plugin-fluidsynth vlc-plugin-jack vlc-plugin-notify vlc-plugin-sdl vlc-plugin-svg vlc-plugin-zvbi vlc-plugin-samba vlc-plugin-pulse",35019104
20160921034243,vzctl,4.8-1+deb8u2,b0d5a1abb25ea03f54401bfe55c988a0,"vzctl",276742
20160921034243,websvn,2.3.3-1.2+deb8u2,bd84eb372bee709660f72af4005c94ca,"websvn",218730
20160921034243,wireshark,1.12.1+g01b65bf-4+deb8u9,fe9fb324395e9ca06933bbf65a6e7993,"wireshark-common wireshark wireshark-qt tshark wireshark-dev wireshark-dbg wireshark-doc libwireshark5 libwsutil4 libwsutil-dev libwireshark-data libwireshark-dev libwiretap4 libwiretap-dev",58305320
20160921034243,wordpress,4.1+dfsg-1+deb8u9,a346c07a755bb8d478c7bf271da694f5,"wordpress wordpress-l10n wordpress-theme-twentyfifteen wordpress-theme-twentyfourteen wordpress-theme-twentythirteen",8986028
20160921034243,wpa,2.3-1+deb8u3,c72c109f7b6bd45da4f666992efda52f,"hostapd wpagui wpasupplicant wpasupplicant-udeb",1800080
20160921034243,xdelta3,3.0.8-dfsg-1+deb8u1,59d806097d5d756c6d1228c8c1653148,"xdelta3",66666
20160921034243,xen,4.4.1-9+deb8u7,489e23d2ff2a73661ba4695d29e7ae77,"libxen-4.4 libxenstore3.0 libxen-dev xenstore-utils xen-utils-common xen-utils-4.4 xen-hypervisor-4.4-amd64 xen-system-amd64 xen-hypervisor-4.4-arm64 xen-system-arm64 xen-hypervisor-4.4-armhf xen-system-armhf",3044094
20160921034243,xerces-c,3.1.1-5.1+deb8u3,fcd9e5370eba1d1ed99518004950f026,"libxerces-c3.1 libxerces-c-dev libxerces-c-doc libxerces-c-samples",3996770
20160921034243,xmltooling,1.5.3-2+deb8u1,0c00739980c3c128c2fe77fbc494a04f,"libxmltooling6 libxmltooling-dev xmltooling-schemas libxmltooling-doc",1153624
20160921034243,xscreensaver,5.30-1+deb8u1,b71e3a78db1ae14291cc9ff4c5e10911,"xscreensaver xscreensaver-data xscreensaver-data-extra xscreensaver-gl xscreensaver-gl-extra xscreensaver-screensaver-webcollage xscreensaver-screensaver-bsod",4781412
20160921034243,xymon,4.3.17-6+deb8u1,89a96f4e4a6b69dfa51f3baffd6d4678,"xymon xymon-client",2519898
20160921034243,zendframework,1.12.9+dfsg-2+deb8u4,5e92cf0827ee25f58e28af125e89c705,"zendframework zendframework-bin zendframework-resources",3572334
20160921034243,zeromq3,4.0.5+dfsg-2+deb8u1,f9e8bacfc29210202761c32620c1aba9,"libzmq3 libzmq3-dev libzmq3-dbg",2447354
20160921034243,zlib,1:1.2.8.dfsg-2,33acd96a3311d6fe60d94b64427a296e,"zlib1g zlib1g-dev zlib1g-dbg zlib1g-udeb lib64z1 lib64z1-dev lib32z1 lib32z1-dev libn32z1 libn32z1-dev",0
